ID_PNCP;Numero_Contrato;Ano_Contrato;CNPJ_Orgao;Orgao;Unidade;Categoria;Tipo_Instrumento;Receita;Tipo_Pessoa_Fornecedor;ID_Fornecedor;Fornecedor;Valor_Inicial;Valor_Global;Data_Assinatura;Data_Publicacao;Data_Vigencia_Inicio;Data_Vigencia_Fim;Numero_Retificacoes;No_Escopo
60453032000174-2-000190/2024;2024NE002027;2024;60453032000174;UNIVERSIDADE FEDERAL DE SAO PAULO;MEC-UNIVERSIDADE FEDERAL DE SAO PAULO/SP;Compras;Empenho;False;PJ;52141527000130;DUMAX ATACADISTA LTDA;21120.0;21120.0;2024-12-30T00:00:00;2025-01-07T16:27:47;2024-12-30T00:00:00;2024-12-31T00:00:00;0;False
60453032000174-2-000191/2024;2024NE001921;2024;60453032000174;UNIVERSIDADE FEDERAL DE SAO PAULO;MEC-UNIVERSIDADE FEDERAL DE SAO PAULO/SP;Compras;Empenho;False;PJ;13328409000183;13A INFORMATICA E MATERIAL DE ESCRITORIO LTDA;9188.0;9188.0;2024-12-19T00:00:00;2025-01-08T15:53:28;2024-12-19T00:00:00;2024-12-31T00:00:00;0;False
60453032000174-2-000192/2024;2024NE001752;2024;60453032000174;UNIVERSIDADE FEDERAL DE SAO PAULO;MEC-UNIVERSIDADE FEDERAL DE SAO PAULO/SP;Serviços;Empenho;False;PJ;06132270000132;SOLLICITA NEGOCIOS PUBLICOS LTDA;9422.66;9422.66;2024-12-06T00:00:00;2025-01-09T16:11:30;2024-12-06T00:00:00;2024-12-31T00:00:00;0;False
60453032000174-2-000195/2024;2024NE001330;2024;60453032000174;UNIVERSIDADE FEDERAL DE SAO PAULO;MEC-UNIVERSIDADE FEDERAL DE SAO PAULO/SP;Compras;Empenho;False;PJ;34385304000136;SQUADRA COMERCIO E SERVICOS LTDA;1956.85;1956.85;2024-10-15T00:00:00;2025-01-14T09:32:18;2024-10-15T00:00:00;2025-12-31T00:00:00;1;False
60453032000174-2-000196/2024;2024NE001845;2024;60453032000174;UNIVERSIDADE FEDERAL DE SAO PAULO;MEC-UNIVERSIDADE FEDERAL DE SAO PAULO/SP;Compras;Empenho;False;PJ;13328409000183;13A INFORMATICA E MATERIAL DE ESCRITORIO LTDA;1378.2;1378.2;2024-12-14T00:00:00;2025-01-14T16:01:48;2024-12-14T00:00:00;2025-12-31T00:00:00;1;False
60453032000174-2-000197/2024;2024NE001742;2024;60453032000174;UNIVERSIDADE FEDERAL DE SAO PAULO;MEC-UNIVERSIDADE FEDERAL DE SAO PAULO/SP;Compras;Empenho;False;PJ;55696882000163;55.696.882 PATRICIA ELISABETE HOSSOTANI;473.2;473.2;2024-12-05T00:00:00;2025-01-15T14:31:58;2024-12-05T00:00:00;2025-12-31T00:00:00;1;False
60453032000174-2-000198/2024;2024NE002019;2024;60453032000174;UNIVERSIDADE FEDERAL DE SAO PAULO;MEC-UNIVERSIDADE FEDERAL DE SAO PAULO/SP;Compras;Empenho;False;PJ;13328409000183;13A INFORMATICA E MATERIAL DE ESCRITORIO LTDA;1748.5;1748.5;2024-12-30T00:00:00;2025-01-15T15:15:46;2024-12-30T00:00:00;2025-12-31T00:00:00;1;False
60453032000174-2-000199/2024;2024NE001073;2024;60453032000174;UNIVERSIDADE FEDERAL DE SAO PAULO;MEC-UNIVERSIDADE FEDERAL DE SAO PAULO/SP;Compras;Empenho;False;PJ;63067904000588;LIFE TECHNOLOGIES BRASIL COMERCIO E INDUSTRIA DE PRODUTOS PARA BIOTECNOLOGIA LTD;8081.43;8081.43;2024-09-09T00:00:00;2025-01-15T15:28:01;2024-09-09T00:00:00;2025-12-31T00:00:00;1;False
60453032000174-2-000200/2024;2024NE001677;2024;60453032000174;UNIVERSIDADE FEDERAL DE SAO PAULO;MEC-UNIVERSIDADE FEDERAL DE SAO PAULO/SP;Serviços;Empenho;False;PJ;31856708000172;ANDRE A RODRIGUES ENGENHARIA;1000.0;1000.0;2024-11-19T00:00:00;2025-01-16T09:27:43;2024-11-19T00:00:00;2024-12-31T00:00:00;0;False
60453032000174-2-000201/2024;2024NE001559;2024;60453032000174;UNIVERSIDADE FEDERAL DE SAO PAULO;MEC-UNIVERSIDADE FEDERAL DE SAO PAULO/SP;Compras;Empenho;False;PJ;04602789000101;DATEN TECNOLOGIA LTDA;9099.96;9099.96;2024-11-01T00:00:00;2025-01-17T11:12:56;2024-11-01T00:00:00;2024-12-31T00:00:00;0;False
60453032000174-2-000202/2024;2024NE001476;2024;60453032000174;UNIVERSIDADE FEDERAL DE SAO PAULO;MEC-UNIVERSIDADE FEDERAL DE SAO PAULO/SP;Compras;Empenho;False;PJ;29030802000126;LBF COMERCIO E SERVICOS LTDA;4057.0;4057.0;2024-10-29T00:00:00;2025-01-21T15:27:01;2024-10-29T00:00:00;2025-12-31T00:00:00;1;False
60453032000174-2-000203/2024;2024NE001579;2024;60453032000174;UNIVERSIDADE FEDERAL DE SAO PAULO;MEC-UNIVERSIDADE FEDERAL DE SAO PAULO/SP;Serviços;Empenho;False;PJ;06099967000159;ASTRO 34 COMERCIO E SERVICOS LTDA;6268.2;6268.2;2024-11-05T00:00:00;2025-01-22T11:05:14;2024-11-05T00:00:00;2024-12-31T00:00:00;0;False
60453032000174-2-000204/2024;2024NE001535;2024;60453032000174;UNIVERSIDADE FEDERAL DE SAO PAULO;MEC-UNIVERSIDADE FEDERAL DE SAO PAULO/SP;Compras;Empenho;False;PJ;18627565000169;HORIZONTE LAB COMERCIO DE PRODUTOS LTDA;1519.42;1519.42;2024-11-01T00:00:00;2025-01-22T11:06:01;2024-11-01T00:00:00;2024-12-31T00:00:00;0;False
60453032000174-2-000205/2024;2024NE001537;2024;60453032000174;UNIVERSIDADE FEDERAL DE SAO PAULO;MEC-UNIVERSIDADE FEDERAL DE SAO PAULO/SP;Compras;Empenho;False;PJ;41263941000103;3M REPRESENTACOES COMERCIAIS LTDA;1695.8;1695.8;2024-11-01T00:00:00;2025-01-22T11:06:39;2024-11-01T00:00:00;2024-12-31T00:00:00;0;False
60453032000174-2-000207/2024;2024NE001478;2024;60453032000174;UNIVERSIDADE FEDERAL DE SAO PAULO;MEC-UNIVERSIDADE FEDERAL DE SAO PAULO/SP;Compras;Empenho;False;PJ;30280358000186;ROCHE DIAGNOSTICA BRASIL LTDA.;4819.65;4819.65;2024-10-29T00:00:00;2025-01-22T15:22:34;2024-10-29T00:00:00;2025-12-31T00:00:00;3;False
60453032000174-2-000209/2024;2024NE001466;2024;60453032000174;UNIVERSIDADE FEDERAL DE SAO PAULO;MEC-UNIVERSIDADE FEDERAL DE SAO PAULO/SP;Compras;Empenho;False;PJ;21551379002141;BECTON DICKINSON INDUSTRIAS CIRURGICAS LTDA;1405.83;1405.83;2024-10-25T00:00:00;2025-01-23T10:10:36;2024-10-25T00:00:00;2025-12-31T00:00:00;1;False
60453032000174-2-000210/2024;2024NE001793;2024;60453032000174;UNIVERSIDADE FEDERAL DE SAO PAULO;MEC-UNIVERSIDADE FEDERAL DE SAO PAULO/SP;Compras;Empenho;False;PJ;01590728000930;MICROTECNICA INFORMATICA LTDA;6415.6;6415.6;2024-12-09T00:00:00;2025-01-23T14:15:12;2024-12-09T00:00:00;2024-12-31T00:00:00;0;False
60453032000174-2-000211/2024;2024NE002021;2024;60453032000174;UNIVERSIDADE FEDERAL DE SAO PAULO;MEC-UNIVERSIDADE FEDERAL DE SAO PAULO/SP;Compras;Empenho;False;PJ;01590728000930;MICROTECNICA INFORMATICA LTDA;22454.6;22454.6;2024-12-30T00:00:00;2025-01-23T16:16:57;2024-12-30T00:00:00;2025-12-31T00:00:00;1;False
60453032000174-2-000212/2024;2024NE001800;2024;60453032000174;UNIVERSIDADE FEDERAL DE SAO PAULO;MEC-UNIVERSIDADE FEDERAL DE SAO PAULO/SP;Serviços;Empenho;False;PJ;45070906000110;RVS LTDA;2592.6;2592.6;2024-12-09T00:00:00;2025-01-24T09:24:16;2024-12-09T00:00:00;2024-12-31T00:00:00;0;False
60453032000174-2-000213/2024;2024NE001547;2024;60453032000174;UNIVERSIDADE FEDERAL DE SAO PAULO;MEC-UNIVERSIDADE FEDERAL DE SAO PAULO/SP;Compras;Empenho;False;PJ;71443667000107;ORBITAL PRODUTOS PARA LABORATORIOS LTDA;13933.5;13933.5;2024-11-01T00:00:00;2025-01-24T09:56:55;2024-11-01T00:00:00;2024-12-31T00:00:00;0;False
60453032000174-2-000214/2024;2024NE001544;2024;60453032000174;UNIVERSIDADE FEDERAL DE SAO PAULO;MEC-UNIVERSIDADE FEDERAL DE SAO PAULO/SP;Compras;Empenho;False;PJ;05696029000173;IMPORBIO - COMERCIAL IMPORTADORA CIENTIFICA LTDA;1661.0;1661.0;2024-11-01T00:00:00;2025-01-24T10:23:00;2024-11-01T00:00:00;2024-12-31T00:00:00;0;False
60453032000174-2-000215/2024;2024NE001756;2024;60453032000174;UNIVERSIDADE FEDERAL DE SAO PAULO;MEC-UNIVERSIDADE FEDERAL DE SAO PAULO/SP;Compras;Empenho;False;PJ;03619767000515;TORINO INFORMATICA LTDA..;54500.0;54500.0;2024-12-06T00:00:00;2025-01-24T11:02:56;2024-12-06T00:00:00;2025-12-31T00:00:00;1;False
60453032000174-2-000216/2024;2024NE001287;2024;60453032000174;UNIVERSIDADE FEDERAL DE SAO PAULO;MEC-UNIVERSIDADE FEDERAL DE SAO PAULO/SP;Serviços;Empenho;False;PJ;11224184000190;PHASE TECH COMERCIO E SERVICOS LTDA;24000.0;24000.0;2024-10-10T00:00:00;2025-01-27T10:54:31;2024-10-10T00:00:00;2025-12-31T00:00:00;1;False
60453032000174-2-000217/2024;2024NE001297;2024;60453032000174;UNIVERSIDADE FEDERAL DE SAO PAULO;MEC-UNIVERSIDADE FEDERAL DE SAO PAULO/SP;Compras;Empenho;False;PJ;58752460000156;SHIMADZU DO BRASIL COMERCIO LTDA.;7175.71;7175.71;2024-10-11T00:00:00;2025-01-28T09:28:59;2024-10-11T00:00:00;2024-12-31T00:00:00;0;False
60453032000174-2-000218/2024;2024NE002091;2024;60453032000174;UNIVERSIDADE FEDERAL DE SAO PAULO;MEC-UNIVERSIDADE FEDERAL DE SAO PAULO/SP;Serviços;Empenho;False;PJ;51596761000199;BIOLUX REVOLUTION LTDA;1190.0;1190.0;2024-12-31T00:00:00;2025-01-28T10:13:14;2024-12-31T00:00:00;2024-12-31T00:00:00;0;False
60453032000174-2-000219/2024;2024NE001542;2024;60453032000174;UNIVERSIDADE FEDERAL DE SAO PAULO;MEC-UNIVERSIDADE FEDERAL DE SAO PAULO/SP;Compras;Empenho;False;PJ;32578926000155;DINALAB COMERCIO E SERVICOS LTDA;8192.1;8192.1;2024-11-01T00:00:00;2025-01-28T10:18:44;2024-11-01T00:00:00;2024-12-31T00:00:00;0;False
60453032000174-2-000221/2024;2024NE001817;2024;60453032000174;UNIVERSIDADE FEDERAL DE SAO PAULO;MEC-UNIVERSIDADE FEDERAL DE SAO PAULO/SP;Compras;Empenho;False;PJ;01590728000930;MICROTECNICA INFORMATICA LTDA;22454.6;22454.6;2024-12-09T00:00:00;2025-01-30T10:23:33;2024-12-09T00:00:00;2024-12-31T00:00:00;0;False
60453032000174-2-000222/2024;2024NE002006;2024;60453032000174;UNIVERSIDADE FEDERAL DE SAO PAULO;MEC-UNIVERSIDADE FEDERAL DE SAO PAULO/SP;Compras;Empenho;False;PJ;30351303000110;BERLIN DISTRIBUIDORA DE MATERIAIS ELETRICOS LTDA.;2717.4;2717.4;2024-12-27T00:00:00;2025-01-30T11:00:04;2024-12-27T00:00:00;2024-12-31T00:00:00;0;False
60453032000174-2-000223/2024;2024NE000296;2024;60453032000174;UNIVERSIDADE FEDERAL DE SAO PAULO;MEC-UNIVERSIDADE FEDERAL DE SAO PAULO/SP;Serviços;Empenho;False;PJ;61856571000117;COMPANHIA DE GAS DE SAO PAULO COMGAS;69324.6;69324.6;2024-02-28T00:00:00;2025-01-30T15:32:37;2024-02-28T00:00:00;2025-12-31T00:00:00;1;False
60453032000174-2-000224/2024;2024NE001799;2024;60453032000174;UNIVERSIDADE FEDERAL DE SAO PAULO;MEC-UNIVERSIDADE FEDERAL DE SAO PAULO/SP;Serviços;Empenho;False;PJ;43776517000180;COMPANHIA DE SANEAMENTO BASICO DO ESTADO DE SAO PAULO - SABESP;676376.91;676376.91;2024-12-09T00:00:00;2025-01-30T16:27:20;2024-12-09T00:00:00;2025-12-31T00:00:00;1;False
60453032000174-2-000225/2024;2024NE002047;2024;60453032000174;UNIVERSIDADE FEDERAL DE SAO PAULO;MEC-UNIVERSIDADE FEDERAL DE SAO PAULO/SP;Serviços;Empenho;False;PJ;43776517000180;COMPANHIA DE SANEAMENTO BASICO DO ESTADO DE SAO PAULO - SABESP;98596.94;98596.94;2024-12-30T00:00:00;2025-01-30T19:24:56;2024-12-30T00:00:00;2025-12-31T00:00:00;2;False
60453032000174-2-000226/2024;2024NE001661;2024;60453032000174;UNIVERSIDADE FEDERAL DE SAO PAULO;MEC-UNIVERSIDADE FEDERAL DE SAO PAULO/SP;Serviços;Empenho;False;PJ;10238563000176;AAMED COMERCIO DE EQUIPAMENTOS LTDA;2000.0;2000.0;2024-11-14T00:00:00;2025-01-31T14:39:13;2024-11-14T00:00:00;2025-12-31T00:00:00;1;False
60453032000174-2-000227/2024;2024NE001991;2024;60453032000174;UNIVERSIDADE FEDERAL DE SAO PAULO;MEC-UNIVERSIDADE FEDERAL DE SAO PAULO/SP;Compras;Empenho;False;PJ;31953767000169;TUPIRATINS MATERIAIS ESCOLARES LTDA;6900.96;6900.96;2024-12-26T00:00:00;2025-02-03T11:54:42;2024-12-26T00:00:00;2024-12-31T00:00:00;0;False
60453032000174-2-000228/2024;2024NE001561;2024;60453032000174;UNIVERSIDADE FEDERAL DE SAO PAULO;MEC-UNIVERSIDADE FEDERAL DE SAO PAULO/SP;Compras;Empenho;False;PJ;81243735001977;POSITIVO TECNOLOGIA S.A.;10277.0;10277.0;2024-11-01T00:00:00;2025-02-04T09:23:38;2024-11-01T00:00:00;2024-12-31T00:00:00;0;False
60453032000174-2-000229/2024;2024NE001233;2024;60453032000174;UNIVERSIDADE FEDERAL DE SAO PAULO;MEC-UNIVERSIDADE FEDERAL DE SAO PAULO/SP;Serviços;Empenho;False;PJ;66018185000170;TRANSMORATO - TRANSPORTE E COLETA DE LIXO LTDA;10940.0;10940.0;2024-10-01T00:00:00;2025-02-04T14:27:27;2024-10-01T00:00:00;2025-12-31T00:00:00;1;False
60453032000174-2-000230/2024;2024NE000008;2024;60453032000174;UNIVERSIDADE FEDERAL DE SAO PAULO;HOSPITAL UNIVERSITARIO DA UNIFESP;Compras;Empenho;False;PJ;08278888000130;ZETA VISION COMERCIO DE PRODUTOS OTICOS LTDA;52800.0;52800.0;2024-12-31T00:00:00;2025-02-04T16:21:04;2024-12-31T00:00:00;2024-12-31T00:00:00;0;False
60453032000174-2-000021/2025;2025NE000104;2025;60453032000174;UNIVERSIDADE FEDERAL DE SAO PAULO;MEC-UNIVERSIDADE FEDERAL DE SAO PAULO/SP;Compras;Empenho;False;PJ;31953767000169;TUPIRATINS MATERIAIS ESCOLARES LTDA;155.52;155.52;2025-01-15T00:00:00;2025-02-11T09:58:45;2025-01-15T00:00:00;2025-12-31T00:00:00;0;False
60453032000174-2-000232/2024;2024NE001922;2024;60453032000174;UNIVERSIDADE FEDERAL DE SAO PAULO;MEC-UNIVERSIDADE FEDERAL DE SAO PAULO/SP;Compras;Empenho;False;PJ;31953767000169;TUPIRATINS MATERIAIS ESCOLARES LTDA;146.5;146.5;2024-12-19T00:00:00;2025-02-11T10:54:18;2024-12-19T00:00:00;2024-12-31T00:00:00;0;False
60453032000174-2-000233/2024;2024NE001041;2024;60453032000174;UNIVERSIDADE FEDERAL DE SAO PAULO;MEC-UNIVERSIDADE FEDERAL DE SAO PAULO/SP;Serviços;Empenho;False;PJ;61695227000193;ELETROPAULO METROPOLITANA ELETRICIDADE DE SAO PAULO S.A.;2160075.75;2160075.75;2024-09-06T00:00:00;2025-02-11T14:30:02;2024-09-06T00:00:00;2025-12-31T00:00:00;1;False
60453032000174-2-000235/2024;2024NE001687;2024;60453032000174;UNIVERSIDADE FEDERAL DE SAO PAULO;MEC-UNIVERSIDADE FEDERAL DE SAO PAULO/SP;Compras;Empenho;False;PJ;51462471000152;LABSYNTH PRODUTOS PARA LABORATORIOS LTDA;1471.86;1471.86;2024-11-22T00:00:00;2025-02-12T10:34:11;2024-11-22T00:00:00;2024-12-31T00:00:00;1;False
60453032000174-2-000023/2025;2025NE000125;2025;60453032000174;UNIVERSIDADE FEDERAL DE SAO PAULO;MEC-UNIVERSIDADE FEDERAL DE SAO PAULO/SP;Compras;Empenho;False;PJ;19410028000125;S B COMERCIO DE GAS LTDA;440.9;440.9;2025-01-29T00:00:00;2025-02-13T16:16:34;2025-01-29T00:00:00;2025-12-31T00:00:00;1;False
60453032000174-2-000237/2024;2024NE001791;2024;60453032000174;UNIVERSIDADE FEDERAL DE SAO PAULO;MEC-UNIVERSIDADE FEDERAL DE SAO PAULO/SP;Serviços;Empenho;False;PJ;01826948000163;CASA DAS CORTINAS LTDA;28350.0;28350.0;2024-12-09T00:00:00;2025-02-14T15:47:29;2024-12-09T00:00:00;2024-12-31T00:00:00;1;False
60453032000174-2-000238/2024;2024NE001826;2024;60453032000174;UNIVERSIDADE FEDERAL DE SAO PAULO;MEC-UNIVERSIDADE FEDERAL DE SAO PAULO/SP;Serviços;Empenho;False;PJ;01826948000163;CASA DAS CORTINAS LTDA;600.0;600.0;2024-12-12T00:00:00;2025-02-14T16:13:10;2024-12-12T00:00:00;2024-12-31T00:00:00;1;False
60453032000174-2-000239/2024;2024NE001803;2024;60453032000174;UNIVERSIDADE FEDERAL DE SAO PAULO;MEC-UNIVERSIDADE FEDERAL DE SAO PAULO/SP;Compras;Empenho;False;PJ;47853538000102;TIMO PAPER SUPRIMENTOS PARA ESCRITORIO LTDA;152.0;152.0;2024-12-09T00:00:00;2025-02-17T09:36:57;2024-12-09T00:00:00;2024-12-31T00:00:00;1;False
60453032000174-2-000241/2024;2024NE001469;2024;60453032000174;UNIVERSIDADE FEDERAL DE SAO PAULO;MEC-UNIVERSIDADE FEDERAL DE SAO PAULO/SP;Compras;Empenho;False;PJ;60855863000172;ALTMANN SA IMPORTACAO E COMERCIO;11244.47;11244.47;2024-10-29T00:00:00;2025-02-17T10:31:38;2024-10-29T00:00:00;2024-12-31T00:00:00;1;False
60453032000174-2-000242/2024;2024NE001804;2024;60453032000174;UNIVERSIDADE FEDERAL DE SAO PAULO;MEC-UNIVERSIDADE FEDERAL DE SAO PAULO/SP;Compras;Empenho;False;PJ;55017923000148;G & J REPRESENTACAO LTDA;1927.16;1927.16;2024-12-09T00:00:00;2025-02-17T11:19:58;2024-12-09T00:00:00;2024-12-31T00:00:00;1;False
60453032000174-2-000243/2024;2024NE002007;2024;60453032000174;UNIVERSIDADE FEDERAL DE SAO PAULO;MEC-UNIVERSIDADE FEDERAL DE SAO PAULO/SP;Compras;Empenho;False;PJ;13338581000118;RALTEC ELETRO AUTOMACAO LTDA;3394.0;3394.0;2024-12-27T00:00:00;2025-02-19T11:39:21;2024-12-27T00:00:00;2024-12-31T00:00:00;1;False
60453032000174-2-000244/2024;2024NE001846;2024;60453032000174;UNIVERSIDADE FEDERAL DE SAO PAULO;MEC-UNIVERSIDADE FEDERAL DE SAO PAULO/SP;Compras;Empenho;False;PJ;31953767000169;TUPIRATINS MATERIAIS ESCOLARES LTDA;1424.04;1424.04;2024-12-14T00:00:00;2025-02-19T13:56:26;2024-12-14T00:00:00;2025-06-30T00:00:00;2;False
60453032000174-2-000245/2024;2024NE001686;2024;60453032000174;UNIVERSIDADE FEDERAL DE SAO PAULO;MEC-UNIVERSIDADE FEDERAL DE SAO PAULO/SP;Serviços;Empenho;False;PJ;05070948000137;ACJS - SANEAMENTO E CONTROLE AMBIENTAL LTDA;54170.0;54170.0;2024-11-21T00:00:00;2025-02-20T10:42:25;2024-11-21T00:00:00;2025-12-31T00:00:00;1;False
60453032000174-2-000246/2024;2024NE001390;2024;60453032000174;UNIVERSIDADE FEDERAL DE SAO PAULO;MEC-UNIVERSIDADE FEDERAL DE SAO PAULO/SP;Compras;Empenho;False;PJ;63067904000588;LIFE TECHNOLOGIES BRASIL COMERCIO E INDUSTRIA DE PRODUTOS PARA BIOTECNOLOGIA LTD;21735.98;21735.98;2024-10-21T00:00:00;2025-02-20T15:05:37;2024-10-21T00:00:00;2025-12-31T00:00:00;1;False
60453032000174-2-000247/2024;2024NE001467;2024;60453032000174;UNIVERSIDADE FEDERAL DE SAO PAULO;MEC-UNIVERSIDADE FEDERAL DE SAO PAULO/SP;Compras;Empenho;False;PJ;63067904000588;LIFE TECHNOLOGIES BRASIL COMERCIO E INDUSTRIA DE PRODUTOS PARA BIOTECNOLOGIA LTD;9040.0;9040.0;2024-10-25T00:00:00;2025-02-20T15:14:20;2024-10-25T00:00:00;2025-12-31T00:00:00;1;False
60453032000174-2-000248/2024;2024NE001754;2024;60453032000174;UNIVERSIDADE FEDERAL DE SAO PAULO;MEC-UNIVERSIDADE FEDERAL DE SAO PAULO/SP;Serviços;Empenho;False;PJ;23034526000198;CTE - SERVICOS E TRANSPORTES LTDA;7500.0;7500.0;2024-12-06T00:00:00;2025-02-21T08:33:32;2024-12-06T00:00:00;2025-12-31T00:00:00;1;False
60453032000174-2-000026/2025;2025NE000106;2025;60453032000174;UNIVERSIDADE FEDERAL DE SAO PAULO;MEC-UNIVERSIDADE FEDERAL DE SAO PAULO/SP;Compras;Empenho;False;PJ;39535062000133;BENICIO PNEUS LTDA;7620.0;7620.0;2025-01-16T00:00:00;2025-02-21T12:39:18;2025-01-16T00:00:00;2025-12-31T00:00:00;1;False
60453032000174-2-000027/2025;2025NE000107;2025;60453032000174;UNIVERSIDADE FEDERAL DE SAO PAULO;MEC-UNIVERSIDADE FEDERAL DE SAO PAULO/SP;Compras;Empenho;False;PJ;39535062000133;BENICIO PNEUS LTDA;1600.0;1600.0;2025-01-16T00:00:00;2025-02-21T12:39:33;2025-01-16T00:00:00;2025-12-31T00:00:00;1;False
60453032000174-2-000249/2024;2024NE002057;2024;60453032000174;UNIVERSIDADE FEDERAL DE SAO PAULO;MEC-UNIVERSIDADE FEDERAL DE SAO PAULO/SP;Compras;Empenho;False;PJ;12416810000102;ROFEMAX IMPORTADORA DE EMBALAGENS LTDA;6287.85;6287.85;2024-12-31T00:00:00;2025-02-25T10:06:20;2024-12-31T00:00:00;2025-12-31T00:00:00;1;False
60453032000174-2-000250/2024;2024NE002062;2024;60453032000174;UNIVERSIDADE FEDERAL DE SAO PAULO;MEC-UNIVERSIDADE FEDERAL DE SAO PAULO/SP;Compras;Empenho;False;PJ;12991532000117;JUARES LIMA DOS SANTOS;374.3;374.3;2024-12-31T00:00:00;2025-02-25T11:30:14;2024-12-31T00:00:00;2025-12-31T00:00:00;2;False
60453032000174-2-000251/2024;2024NE002066;2024;60453032000174;UNIVERSIDADE FEDERAL DE SAO PAULO;MEC-UNIVERSIDADE FEDERAL DE SAO PAULO/SP;Compras;Empenho;False;PJ;19231616000100;R. DE F. TORRES MOLITERNO LTDA;3414.69;3414.69;2024-12-31T00:00:00;2025-02-25T11:50:33;2024-12-31T00:00:00;2025-12-31T00:00:00;2;False
60453032000174-2-000252/2024;2024NE002065;2024;60453032000174;UNIVERSIDADE FEDERAL DE SAO PAULO;MEC-UNIVERSIDADE FEDERAL DE SAO PAULO/SP;Compras;Empenho;False;PJ;19231616000100;R. DE F. TORRES MOLITERNO LTDA;9090.23;9090.23;2024-12-31T00:00:00;2025-02-25T11:50:34;2024-12-31T00:00:00;2025-12-31T00:00:00;2;False
60453032000174-2-000253/2024;2024NE002056;2024;60453032000174;UNIVERSIDADE FEDERAL DE SAO PAULO;MEC-UNIVERSIDADE FEDERAL DE SAO PAULO/SP;Compras;Empenho;False;PJ;28857335000140;MAXIMA DENTAL IMPORTACAO, EXPORTACAO E COMERCIO DE PRODUTOS ODONTOLOGICOS LTDA;9909.16;9909.16;2024-12-31T00:00:00;2025-02-25T12:29:51;2024-12-31T00:00:00;2025-12-31T00:00:00;2;False
60453032000174-2-000254/2024;2024NE001193;2024;60453032000174;UNIVERSIDADE FEDERAL DE SAO PAULO;MEC-UNIVERSIDADE FEDERAL DE SAO PAULO/SP;Serviços;Empenho;False;PJ;23034526000198;CTE - SERVICOS E TRANSPORTES LTDA;23000.0;23000.0;2024-09-23T00:00:00;2025-02-25T13:49:50;2024-09-23T00:00:00;2025-12-31T00:00:00;1;False
60453032000174-2-000028/2025;2025NE000199;2025;60453032000174;UNIVERSIDADE FEDERAL DE SAO PAULO;MEC-UNIVERSIDADE FEDERAL DE SAO PAULO/SP;Serviços;Empenho;False;PJ;45541539000196;LOGWIN AIR + OCEAN BRAZIL LOGISTICA E DESPACHO LTDA.;985.42;985.42;2025-02-24T00:00:00;2025-02-25T14:53:34;2025-02-24T00:00:00;2025-12-31T00:00:00;1;False
60453032000174-2-000255/2024;2024NE001622;2024;60453032000174;UNIVERSIDADE FEDERAL DE SAO PAULO;MEC-UNIVERSIDADE FEDERAL DE SAO PAULO/SP;Compras;Empenho;False;PJ;30041676000194;VIVO LICITACOES LTDA;3960.0;3960.0;2024-11-08T00:00:00;2025-02-26T13:29:30;2024-11-08T00:00:00;2025-12-31T00:00:00;1;False
60453032000174-2-000256/2024;2024NE001797;2024;60453032000174;UNIVERSIDADE FEDERAL DE SAO PAULO;MEC-UNIVERSIDADE FEDERAL DE SAO PAULO/SP;Serviços;Empenho;False;PJ;02558157013574;TELEFONICA BRASIL S.A.;10166.0;10166.0;2024-12-09T00:00:00;2025-02-26T16:59:12;2024-12-09T00:00:00;2024-12-31T00:00:00;1;False
60453032000174-2-000257/2024;2024NE002063;2024;60453032000174;UNIVERSIDADE FEDERAL DE SAO PAULO;MEC-UNIVERSIDADE FEDERAL DE SAO PAULO/SP;Compras;Empenho;False;PJ;37859554000159;VICENZZOTTI & SILVA LTDA;320.0;320.0;2024-12-31T00:00:00;2025-02-27T11:35:57;2024-12-31T00:00:00;2025-12-31T00:00:00;1;False
60453032000174-2-000258/2024;2024NE001356;2024;60453032000174;UNIVERSIDADE FEDERAL DE SAO PAULO;MEC-UNIVERSIDADE FEDERAL DE SAO PAULO/SP;Serviços;Empenho;False;PJ;15578569000106;CONCESSIONARIA DO AEROPORTO INTERNACIONAL DE GUARULHOS S.A.;18000.0;18000.0;2024-10-17T00:00:00;2025-02-27T16:00:31;2024-10-17T00:00:00;2024-12-31T00:00:00;1;False
60453032000174-2-000259/2024;2024NE001540;2024;60453032000174;UNIVERSIDADE FEDERAL DE SAO PAULO;MEC-UNIVERSIDADE FEDERAL DE SAO PAULO/SP;Compras;Empenho;False;PJ;31931501000115;ZARALAB COMERCIO DE PRODUTOS LABORATORIAIS LTDA;7016.75;7016.75;2024-11-01T00:00:00;2025-03-06T11:39:35;2024-11-01T00:00:00;2024-12-31T00:00:00;1;False
60453032000174-2-000260/2024;2024NE001753;2024;60453032000174;UNIVERSIDADE FEDERAL DE SAO PAULO;MEC-UNIVERSIDADE FEDERAL DE SAO PAULO/SP;Serviços;Empenho;False;PJ;23034526000198;CTE - SERVICOS E TRANSPORTES LTDA;6660.0;6660.0;2024-12-06T00:00:00;2025-03-07T11:22:00;2024-12-06T00:00:00;2025-12-31T00:00:00;1;False
60453032000174-2-000261/2024;2024NE002033;2024;60453032000174;UNIVERSIDADE FEDERAL DE SAO PAULO;MEC-UNIVERSIDADE FEDERAL DE SAO PAULO/SP;Serviços;Empenho;False;PJ;23034526000198;CTE - SERVICOS E TRANSPORTES LTDA;2220.0;2220.0;2024-12-30T00:00:00;2025-03-07T11:25:23;2024-12-30T00:00:00;2025-12-31T00:00:00;1;False
60453032000174-2-000262/2024;2024NE001299;2024;60453032000174;UNIVERSIDADE FEDERAL DE SAO PAULO;MEC-UNIVERSIDADE FEDERAL DE SAO PAULO/SP;Serviços;Empenho;False;PJ;09314762000137;FISYKA BIOTECNOLOGIA, COMERCIO E MANUTENCAO DE EQUIPAMENTOS LTDA;7890.0;7890.0;2024-10-11T00:00:00;2025-03-07T13:09:03;2024-10-11T00:00:00;2025-12-31T00:00:00;1;False
60453032000174-2-000263/2024;2024NE001656;2024;60453032000174;UNIVERSIDADE FEDERAL DE SAO PAULO;MEC-UNIVERSIDADE FEDERAL DE SAO PAULO/SP;Compras;Empenho;False;PJ;12128038000123;BR OXIGENIO E COMERCIO DE FERRAMENTAS EM GERAL LTDA;5636.0;5636.0;2024-11-14T00:00:00;2025-03-10T09:21:45;2024-11-14T00:00:00;2024-12-31T00:00:00;1;False
60453032000174-2-000264/2024;2024NE001552;2024;60453032000174;UNIVERSIDADE FEDERAL DE SAO PAULO;MEC-UNIVERSIDADE FEDERAL DE SAO PAULO/SP;Compras;Empenho;False;PJ;12376978000131;HHUB - COMERCIO E SERVICOS LTDA;17798.0;17798.0;2024-11-01T00:00:00;2025-03-11T15:42:08;2024-11-01T00:00:00;2025-12-31T00:00:00;1;False
60453032000174-2-000033/2025;2025NE000174;2025;60453032000174;UNIVERSIDADE FEDERAL DE SAO PAULO;MEC-UNIVERSIDADE FEDERAL DE SAO PAULO/SP;Compras;Empenho;False;PJ;40362307000157;MULTIQUALITY COMERCIO DE PNEUMATICOS LTDA;12110.0;12110.0;2025-02-13T00:00:00;2025-03-12T11:47:43;2025-02-13T00:00:00;2025-12-31T00:00:00;1;False
60453032000174-2-000143/2023;2023NE002544;2023;60453032000174;UNIVERSIDADE FEDERAL DE SAO PAULO;MEC-UNIVERSIDADE FEDERAL DE SAO PAULO/SP;Compras;Empenho;False;PJ;45546237000100;FHS LIVROS LTDA;29946.0;29946.0;2023-12-18T00:00:00;2025-03-12T13:07:15;2023-12-18T00:00:00;2025-12-31T00:00:00;1;False
60453032000174-2-000265/2024;2024NE002060;2024;60453032000174;UNIVERSIDADE FEDERAL DE SAO PAULO;MEC-UNIVERSIDADE FEDERAL DE SAO PAULO/SP;Compras;Empenho;False;PJ;02482141000113;DENTAL BONSUCESSO PRODUTOS ODONTOLOGICOS LTDA;1039.09;1039.09;2024-12-31T00:00:00;2025-03-12T16:46:33;2024-12-31T00:00:00;2025-12-31T00:00:00;1;False
60453032000174-2-000266/2024;2024NE002028;2024;60453032000174;UNIVERSIDADE FEDERAL DE SAO PAULO;MEC-UNIVERSIDADE FEDERAL DE SAO PAULO/SP;Serviços;Empenho;False;PJ;45847352000115;MV2 SERVICOS E NEGOCIOS LTDA;5904.0;5904.0;2024-12-30T00:00:00;2025-03-17T13:54:46;2024-12-30T00:00:00;2025-12-31T00:00:00;2;False
60453032000174-2-000267/2024;2024NE001480;2024;60453032000174;UNIVERSIDADE FEDERAL DE SAO PAULO;MEC-UNIVERSIDADE FEDERAL DE SAO PAULO/SP;Compras;Empenho;False;PJ;46293794000120;NICOLE MOREIRA AZEVEDO;123.6;123.6;2024-10-29T00:00:00;2025-03-20T11:08:38;2024-10-29T00:00:00;2024-12-31T00:00:00;1;False
60453032000174-2-000040/2025;2025NE000293;2025;60453032000174;UNIVERSIDADE FEDERAL DE SAO PAULO;MEC-UNIVERSIDADE FEDERAL DE SAO PAULO/SP;Serviços;Empenho;False;PJ;61695227000193;ELETROPAULO METROPOLITANA ELETRICIDADE DE SAO PAULO S.A.;1040000.0;1040000.0;2025-03-14T00:00:00;2025-03-20T15:38:06;2025-03-14T00:00:00;2025-12-31T00:00:00;1;False
60453032000174-2-000041/2025;2025NE000296;2025;60453032000174;UNIVERSIDADE FEDERAL DE SAO PAULO;MEC-UNIVERSIDADE FEDERAL DE SAO PAULO/SP;Serviços;Empenho;False;PJ;43776517000180;COMPANHIA DE SANEAMENTO BASICO DO ESTADO DE SAO PAULO - SABESP;600000.0;600000.0;2025-03-14T00:00:00;2025-03-20T17:07:44;2025-03-14T00:00:00;2025-12-31T00:00:00;1;False
60453032000174-2-000268/2024;2024NE001733;2024;60453032000174;UNIVERSIDADE FEDERAL DE SAO PAULO;MEC-UNIVERSIDADE FEDERAL DE SAO PAULO/SP;Compras;Empenho;False;PJ;26061667000198;UNIAO FORTE CONTRA INCENDIO LTDA;9446.6;9446.6;2024-12-04T00:00:00;2025-03-20T18:27:37;2024-12-04T00:00:00;2024-12-31T00:00:00;1;False
60453032000174-2-000269/2024;2024NE001734;2024;60453032000174;UNIVERSIDADE FEDERAL DE SAO PAULO;MEC-UNIVERSIDADE FEDERAL DE SAO PAULO/SP;Serviços;Empenho;False;PJ;26061667000198;UNIAO FORTE CONTRA INCENDIO LTDA;2574.0;2574.0;2024-12-04T00:00:00;2025-03-20T18:27:37;2024-12-04T00:00:00;2024-12-31T00:00:00;1;False
60453032000174-2-000042/2025;2025NE000294;2025;60453032000174;UNIVERSIDADE FEDERAL DE SAO PAULO;MEC-UNIVERSIDADE FEDERAL DE SAO PAULO/SP;Serviços;Empenho;False;PJ;61695227000193;ELETROPAULO METROPOLITANA ELETRICIDADE DE SAO PAULO S.A.;196686.67;196686.67;2025-03-14T00:00:00;2025-03-21T08:59:30;2025-03-14T00:00:00;2025-12-31T00:00:00;1;False
60453032000174-2-000044/2025;00038;2025;60453032000174;UNIVERSIDADE FEDERAL DE SAO PAULO;MEC-UNIVERSIDADE FEDERAL DE SAO PAULO/SP;Serviços;Contrato (termo inicial);True;PJ;07437996000146;FUNDACAO DE APOIO A UNIVERSIDADE FEDERAL DE SAO PAULO;18750.0;18750.0;2025-03-14T00:00:00;2025-03-24T12:30:55;2025-03-14T00:00:00;2025-05-04T00:00:00;0;False
60453032000174-2-000270/2024;2024NE001403;2024;60453032000174;UNIVERSIDADE FEDERAL DE SAO PAULO;MEC-UNIVERSIDADE FEDERAL DE SAO PAULO/SP;Compras;Empenho;False;PJ;52201456000113;LEICA DO BRASIL IMPORTACAO E COMERCIO LTDA.;1383.7;1383.7;2024-10-23T00:00:00;2025-03-25T14:49:40;2024-10-23T00:00:00;2025-12-31T00:00:00;1;False
60453032000174-2-000271/2024;2024NE002069;2024;60453032000174;UNIVERSIDADE FEDERAL DE SAO PAULO;MEC-UNIVERSIDADE FEDERAL DE SAO PAULO/SP;Compras;Empenho;False;PJ;55017923000148;G & J REPRESENTACAO LTDA;70.54;70.54;2024-12-31T00:00:00;2025-03-26T16:43:49;2024-12-31T00:00:00;2024-12-31T00:00:00;1;False
60453032000174-2-000047/2025;2025NE000252;2025;60453032000174;UNIVERSIDADE FEDERAL DE SAO PAULO;MEC-UNIVERSIDADE FEDERAL DE SAO PAULO/SP;Compras;Empenho;False;PJ;30351303000110;BERLIN DISTRIBUIDORA DE MATERIAIS ELETRICOS LTDA.;3422.0;3422.0;2025-03-10T00:00:00;2025-03-27T09:54:05;2025-03-10T00:00:00;2025-12-31T00:00:00;1;False
60453032000174-2-000048/2025;2025NE000165;2025;60453032000174;UNIVERSIDADE FEDERAL DE SAO PAULO;MEC-UNIVERSIDADE FEDERAL DE SAO PAULO/SP;Compras;Empenho;False;PJ;31953767000169;TUPIRATINS MATERIAIS ESCOLARES LTDA;1236.64;1236.64;2025-02-10T00:00:00;2025-03-27T10:22:10;2025-02-10T00:00:00;2025-12-31T00:00:00;1;False
60453032000174-2-000272/2024;2024NE002072;2024;60453032000174;UNIVERSIDADE FEDERAL DE SAO PAULO;MEC-UNIVERSIDADE FEDERAL DE SAO PAULO/SP;Compras;Empenho;False;PJ;47853538000102;TIMO PAPER SUPRIMENTOS PARA ESCRITORIO LTDA;30.0;30.0;2024-12-31T00:00:00;2025-03-27T10:59:41;2024-12-31T00:00:00;2024-12-31T00:00:00;1;False
60453032000174-2-000144/2023;2023NE002577;2023;60453032000174;UNIVERSIDADE FEDERAL DE SAO PAULO;MEC-UNIVERSIDADE FEDERAL DE SAO PAULO/SP;Serviços;Empenho;False;PJ;31856708000172;ANDRE A RODRIGUES ENGENHARIA;9728.99;9728.99;2023-12-11T00:00:00;2025-03-27T12:07:31;2023-12-11T00:00:00;2025-11-15T00:00:00;0;False
60453032000174-2-000273/2024;2024NE002020;2024;60453032000174;UNIVERSIDADE FEDERAL DE SAO PAULO;MEC-UNIVERSIDADE FEDERAL DE SAO PAULO/SP;Compras;Empenho;False;PJ;43134552000103;ALP COMERCIO DE PRODUTOS PARA SAUDE LTDA;6996.0;6996.0;2024-12-30T00:00:00;2025-03-31T09:57:10;2024-12-30T00:00:00;2025-06-30T00:00:00;2;False
60453032000174-2-000274/2024;2024NE002004;2024;60453032000174;UNIVERSIDADE FEDERAL DE SAO PAULO;MEC-UNIVERSIDADE FEDERAL DE SAO PAULO/SP;Compras;Empenho;False;PJ;43058709000150;PARANASEG EQUIPAMENTOS E SUPRIMENTOS INDUSTRIAIS LTDA;9011.24;9011.24;2024-12-27T00:00:00;2025-04-01T10:51:56;2024-12-27T00:00:00;2024-12-31T00:00:00;1;False
60453032000174-2-000053/2025;00053;2025;60453032000174;UNIVERSIDADE FEDERAL DE SAO PAULO;MEC-UNIVERSIDADE FEDERAL DE SAO PAULO/SP;Serviços;Contrato (termo inicial);True;PJ;01867983000120;DIRETA SERVICOS LTDA;161160.0;161160.0;2025-03-31T00:00:00;2025-04-01T16:07:26;2025-04-01T00:00:00;2026-03-31T00:00:00;1;False
60453032000174-2-000275/2024;2024NE001863;2024;60453032000174;UNIVERSIDADE FEDERAL DE SAO PAULO;MEC-UNIVERSIDADE FEDERAL DE SAO PAULO/SP;Compras;Empenho;False;PJ;04602789000101;DATEN TECNOLOGIA LTDA;4549.98;4549.98;2024-12-16T00:00:00;2025-04-03T10:08:38;2024-12-16T00:00:00;2025-06-30T00:00:00;2;False
60453032000174-2-000054/2025;2025NE000169;2025;60453032000174;UNIVERSIDADE FEDERAL DE SAO PAULO;MEC-UNIVERSIDADE FEDERAL DE SAO PAULO/SP;Compras;Empenho;False;PJ;30223908000125;D F S DE MELO LOPES;1080.0;1080.0;2025-02-11T00:00:00;2025-04-03T10:12:29;2025-02-11T00:00:00;2025-12-31T00:00:00;1;False
60453032000174-2-000276/2024;2024NE002080;2024;60453032000174;UNIVERSIDADE FEDERAL DE SAO PAULO;MEC-UNIVERSIDADE FEDERAL DE SAO PAULO/SP;Compras;Empenho;False;PJ;18467445000141;INOVABRAS PRODUTOS INTELIGENTES LTDA;834.2;834.2;2024-12-31T00:00:00;2025-04-03T14:21:29;2024-12-31T00:00:00;2024-12-31T00:00:00;0;False
60453032000174-2-000277/2024;2024NE002078;2024;60453032000174;UNIVERSIDADE FEDERAL DE SAO PAULO;MEC-UNIVERSIDADE FEDERAL DE SAO PAULO/SP;Compras;Empenho;False;PJ;50547701000113;50.547.701 SANDRA DE AQUINO DANTAS;371.0;371.0;2024-12-31T00:00:00;2025-04-03T14:30:39;2024-12-31T00:00:00;2024-12-31T00:00:00;1;False
60453032000174-2-000278/2024;2024NE002076;2024;60453032000174;UNIVERSIDADE FEDERAL DE SAO PAULO;MEC-UNIVERSIDADE FEDERAL DE SAO PAULO/SP;Compras;Empenho;False;PJ;27996382000101;R JUAREZ DE ALMEIDA;5039.75;5039.75;2024-12-31T00:00:00;2025-04-03T14:34:48;2024-12-31T00:00:00;2024-12-31T00:00:00;0;False
60453032000174-2-000279/2024;2024NE001513;2024;60453032000174;UNIVERSIDADE FEDERAL DE SAO PAULO;MEC-UNIVERSIDADE FEDERAL DE SAO PAULO/SP;Serviços;Empenho;False;PJ;04755378000156;BRUKER DO BRASIL COMERCIO E REPRESENTACAO DE PRODUTOS CIENTIFICOS LTDA.;8416.5;8416.5;2024-10-31T00:00:00;2025-04-04T10:59:46;2024-10-31T00:00:00;2024-12-31T00:00:00;1;False
60453032000174-2-000280/2024;2024NE001511;2024;60453032000174;UNIVERSIDADE FEDERAL DE SAO PAULO;MEC-UNIVERSIDADE FEDERAL DE SAO PAULO/SP;Compras;Empenho;False;PJ;04755378000156;BRUKER DO BRASIL COMERCIO E REPRESENTACAO DE PRODUTOS CIENTIFICOS LTDA.;4774.7;4774.7;2024-10-31T00:00:00;2025-04-04T11:00:01;2024-10-31T00:00:00;2024-12-31T00:00:00;1;False
60453032000174-2-000281/2024;2024NE002059;2024;60453032000174;UNIVERSIDADE FEDERAL DE SAO PAULO;MEC-UNIVERSIDADE FEDERAL DE SAO PAULO/SP;Compras;Empenho;False;PJ;08849206000100;DENTAL OPEN - COMERCIO DE PRODUTOS ODONTOLOGICOS LTDA.;410.88;410.88;2024-12-31T00:00:00;2025-04-07T14:34:50;2024-12-31T00:00:00;2024-12-31T00:00:00;1;False
60453032000174-2-000282/2024;2024NE001960;2024;60453032000174;UNIVERSIDADE FEDERAL DE SAO PAULO;MEC-UNIVERSIDADE FEDERAL DE SAO PAULO/SP;Compras;Empenho;False;PJ;23518065000129;XP ON CONSULTORIA LTDA;21800.0;21800.0;2024-12-24T00:00:00;2025-04-07T15:28:38;2024-12-24T00:00:00;2024-12-31T00:00:00;1;False
60453032000174-2-000056/2025;2025NE000175;2025;60453032000174;UNIVERSIDADE FEDERAL DE SAO PAULO;MEC-UNIVERSIDADE FEDERAL DE SAO PAULO/SP;Compras;Empenho;False;PJ;13328409000183;13A INFORMATICA E MATERIAL DE ESCRITORIO LTDA;4594.0;4594.0;2025-02-13T00:00:00;2025-04-08T10:07:21;2025-02-13T00:00:00;2025-12-31T00:00:00;1;False
60453032000174-2-000057/2025;2025NE000333;2025;60453032000174;UNIVERSIDADE FEDERAL DE SAO PAULO;MEC-UNIVERSIDADE FEDERAL DE SAO PAULO/SP;Compras;Empenho;False;PJ;60139607000189;FLEX CARDS SISTEMAS DE IDENTIFICACAO LTDA;2450.0;2450.0;2025-03-18T00:00:00;2025-04-09T13:39:40;2025-03-18T00:00:00;2025-12-31T00:00:00;0;False
60453032000174-2-000059/2025;2025NE000203;2025;60453032000174;UNIVERSIDADE FEDERAL DE SAO PAULO;MEC-UNIVERSIDADE FEDERAL DE SAO PAULO/SP;Compras;Empenho;False;PJ;00008089000132;COMPOSE TECIDOS LTDA;80.4;80.4;2025-02-25T00:00:00;2025-04-09T17:33:55;2025-02-25T00:00:00;2025-12-31T00:00:00;0;False
60453032000174-2-000060/2025;2025NE000202;2025;60453032000174;UNIVERSIDADE FEDERAL DE SAO PAULO;MEC-UNIVERSIDADE FEDERAL DE SAO PAULO/SP;Compras;Empenho;False;PJ;47853538000102;TIMO PAPER SUPRIMENTOS PARA ESCRITORIO LTDA;6.6;6.6;2025-02-25T00:00:00;2025-04-09T17:34:19;2025-02-25T00:00:00;2025-12-31T00:00:00;0;False
60453032000174-2-000061/2025;2025NE000103;2025;60453032000174;UNIVERSIDADE FEDERAL DE SAO PAULO;MEC-UNIVERSIDADE FEDERAL DE SAO PAULO/SP;Compras;Empenho;False;PJ;47853538000102;TIMO PAPER SUPRIMENTOS PARA ESCRITORIO LTDA;88.0;88.0;2025-01-15T00:00:00;2025-04-09T18:39:39;2025-01-15T00:00:00;2025-12-31T00:00:00;0;False
60453032000174-2-000283/2024;2024NE002071;2024;60453032000174;UNIVERSIDADE FEDERAL DE SAO PAULO;MEC-UNIVERSIDADE FEDERAL DE SAO PAULO/SP;Compras;Empenho;False;PJ;13328409000183;13A INFORMATICA E MATERIAL DE ESCRITORIO LTDA;459.4;459.4;2024-12-31T00:00:00;2025-04-10T11:14:09;2024-12-31T00:00:00;2025-12-31T00:00:00;1;False
60453032000174-2-000284/2024;2024NE002032;2024;60453032000174;UNIVERSIDADE FEDERAL DE SAO PAULO;MEC-UNIVERSIDADE FEDERAL DE SAO PAULO/SP;Serviços;Empenho;False;PJ;58833575000175;PERSIANAS NOVA AMERICA LTDA;31750.0;31750.0;2024-12-30T00:00:00;2025-04-10T14:02:59;2024-12-30T00:00:00;2024-12-31T00:00:00;0;False
60453032000174-2-000285/2024;2024NE002023;2024;60453032000174;UNIVERSIDADE FEDERAL DE SAO PAULO;MEC-UNIVERSIDADE FEDERAL DE SAO PAULO/SP;Serviços;Empenho;False;PJ;02558157013574;TELEFONICA BRASIL S.A.;24296.74;24296.74;2024-12-30T00:00:00;2025-04-11T11:51:14;2024-12-30T00:00:00;2024-12-31T00:00:00;0;False
60453032000174-2-000286/2024;2024NE002024;2024;60453032000174;UNIVERSIDADE FEDERAL DE SAO PAULO;MEC-UNIVERSIDADE FEDERAL DE SAO PAULO/SP;Serviços;Empenho;False;PJ;02558157013574;TELEFONICA BRASIL S.A.;8386.95;8386.95;2024-12-30T00:00:00;2025-04-11T11:51:14;2024-12-30T00:00:00;2025-12-31T00:00:00;1;False
60453032000174-2-000287/2024;2024NE002025;2024;60453032000174;UNIVERSIDADE FEDERAL DE SAO PAULO;MEC-UNIVERSIDADE FEDERAL DE SAO PAULO/SP;Serviços;Empenho;False;PJ;02558157013574;TELEFONICA BRASIL S.A.;18400.46;18400.46;2024-12-30T00:00:00;2025-04-11T11:51:15;2024-12-30T00:00:00;2025-12-31T00:00:00;1;False
60453032000174-2-000288/2024;2024NE000768;2024;60453032000174;UNIVERSIDADE FEDERAL DE SAO PAULO;MEC-UNIVERSIDADE FEDERAL DE SAO PAULO/SP;Serviços;Empenho;False;PJ;45847352000115;MV2 SERVICOS E NEGOCIOS LTDA;6975.0;6975.0;2024-07-17T00:00:00;2025-04-11T15:19:58;2024-07-17T00:00:00;2025-12-31T00:00:00;1;False
60453032000174-2-000064/2025;2025NE000319;2025;60453032000174;UNIVERSIDADE FEDERAL DE SAO PAULO;MEC-UNIVERSIDADE FEDERAL DE SAO PAULO/SP;Serviços;Empenho;False;PJ;45070906000110;RVS LTDA;6897.4;6897.4;2025-03-17T00:00:00;2025-04-15T10:24:34;2025-03-17T00:00:00;2025-12-31T00:00:00;0;False
60453032000174-2-000066/2025;2025NE000369;2025;60453032000174;UNIVERSIDADE FEDERAL DE SAO PAULO;MEC-UNIVERSIDADE FEDERAL DE SAO PAULO/SP;Serviços;Empenho;False;PJ;76659820000151;ASSOCIACAO PARANAENSE DE CULTURA - APC;1000.0;1000.0;2025-04-02T00:00:00;2025-04-16T08:54:18;2025-04-02T00:00:00;2025-12-31T00:00:00;0;False
60453032000174-2-000289/2024;2024NE001657;2024;60453032000174;UNIVERSIDADE FEDERAL DE SAO PAULO;MEC-UNIVERSIDADE FEDERAL DE SAO PAULO/SP;Compras;Empenho;False;PJ;12128038000123;BR OXIGENIO E COMERCIO DE FERRAMENTAS EM GERAL LTDA;5403.0;5403.0;2025-04-16T00:00:00;2025-04-16T16:12:53;2025-04-16T00:00:00;2025-04-16T00:00:00;1;False
60453032000174-2-000067/2025;2025NE000201;2025;60453032000174;UNIVERSIDADE FEDERAL DE SAO PAULO;MEC-UNIVERSIDADE FEDERAL DE SAO PAULO/SP;Compras;Empenho;False;PJ;31953767000169;TUPIRATINS MATERIAIS ESCOLARES LTDA;837.76;837.76;2025-02-25T00:00:00;2025-04-17T10:03:22;2025-02-25T00:00:00;2025-12-31T00:00:00;0;False
60453032000174-2-000290/2024;2024NE002079;2024;60453032000174;UNIVERSIDADE FEDERAL DE SAO PAULO;MEC-UNIVERSIDADE FEDERAL DE SAO PAULO/SP;Compras;Empenho;False;PJ;50547701000113;50.547.701 SANDRA DE AQUINO DANTAS;8280.0;8280.0;2024-12-30T00:00:00;2025-04-17T10:17:21;2024-12-31T00:00:00;2025-12-31T00:00:00;0;False
60453032000174-2-000291/2024;2024NE002054;2024;60453032000174;UNIVERSIDADE FEDERAL DE SAO PAULO;MEC-UNIVERSIDADE FEDERAL DE SAO PAULO/SP;Compras;Empenho;False;PJ;81243735001977;POSITIVO TECNOLOGIA S.A.;210678.5;210678.5;2024-12-31T00:00:00;2025-04-17T11:20:31;2024-12-31T00:00:00;2025-12-31T00:00:00;0;False
60453032000174-2-000292/2024;2024NE002073;2024;60453032000174;UNIVERSIDADE FEDERAL DE SAO PAULO;MEC-UNIVERSIDADE FEDERAL DE SAO PAULO/SP;Compras;Empenho;False;PJ;31953767000169;TUPIRATINS MATERIAIS ESCOLARES LTDA;88809.3;88809.3;2024-12-31T00:00:00;2025-04-17T11:38:28;2024-12-31T00:00:00;2025-12-31T00:00:00;0;False
60453032000174-2-000293/2024;2024NE002070;2024;60453032000174;UNIVERSIDADE FEDERAL DE SAO PAULO;MEC-UNIVERSIDADE FEDERAL DE SAO PAULO/SP;Compras;Empenho;False;PJ;31953767000169;TUPIRATINS MATERIAIS ESCOLARES LTDA;12628.0;12628.0;2024-12-31T00:00:00;2025-04-17T11:59:31;2024-12-31T00:00:00;2025-12-31T00:00:00;0;False
60453032000174-2-000294/2024;2024NE000700;2024;60453032000174;UNIVERSIDADE FEDERAL DE SAO PAULO;MEC-UNIVERSIDADE FEDERAL DE SAO PAULO/SP;Compras;Empenho;False;PJ;37278754000118;KIACHA LABOR COMERCIAL LTDA;21091.0;21091.0;2025-04-17T00:00:00;2025-04-17T12:48:44;2025-04-17T00:00:00;2025-04-17T00:00:00;0;False
60453032000174-2-000069/2025;2025NE000196;2025;60453032000174;UNIVERSIDADE FEDERAL DE SAO PAULO;MEC-UNIVERSIDADE FEDERAL DE SAO PAULO/SP;Serviços;Empenho;False;PJ;52101705000107;LT QUINTO MANUTENCAO DE EXTINTORES LTDA;1311.0;1311.0;2025-02-18T00:00:00;2025-04-17T16:23:34;2025-02-18T00:00:00;2025-12-31T00:00:00;0;False
60453032000174-2-000070/2025;2025NE000195;2025;60453032000174;UNIVERSIDADE FEDERAL DE SAO PAULO;MEC-UNIVERSIDADE FEDERAL DE SAO PAULO/SP;Compras;Empenho;False;PJ;52101705000107;LT QUINTO MANUTENCAO DE EXTINTORES LTDA;4026.0;4026.0;2025-02-18T00:00:00;2025-04-17T16:23:48;2025-02-18T00:00:00;2025-12-31T00:00:00;0;False
60453032000174-2-000295/2024;2024NE002034;2024;60453032000174;UNIVERSIDADE FEDERAL DE SAO PAULO;MEC-UNIVERSIDADE FEDERAL DE SAO PAULO/SP;Serviços;Empenho;False;PJ;23034526000198;CTE - SERVICOS E TRANSPORTES LTDA;1200.0;1200.0;2024-12-30T00:00:00;2025-04-17T16:35:44;2024-12-30T00:00:00;2025-12-31T00:00:00;0;False
60453032000174-2-000296/2024;2024NE002043;2024;60453032000174;UNIVERSIDADE FEDERAL DE SAO PAULO;MEC-UNIVERSIDADE FEDERAL DE SAO PAULO/SP;Serviços;Empenho;False;PJ;23034526000198;CTE - SERVICOS E TRANSPORTES LTDA;7500.0;7500.0;2024-12-30T00:00:00;2025-04-17T16:43:47;2024-12-30T00:00:00;2025-12-31T00:00:00;0;False
60453032000174-2-000072/2025;2025NE000356;2025;60453032000174;UNIVERSIDADE FEDERAL DE SAO PAULO;MEC-UNIVERSIDADE FEDERAL DE SAO PAULO/SP;Serviços;Empenho;False;PJ;15737334000110;E. RODRIGUES REFRIGERACAO;5900.0;5900.0;2025-03-24T00:00:00;2025-04-22T14:24:36;2025-03-24T00:00:00;2025-12-31T00:00:00;0;False
60453032000174-2-000073/2025;00061;2025;60453032000174;UNIVERSIDADE FEDERAL DE SAO PAULO;MEC-UNIVERSIDADE FEDERAL DE SAO PAULO/SP;Serviços;Contrato (termo inicial);True;PJ;07437996000146;FUNDACAO DE APOIO A UNIVERSIDADE FEDERAL DE SAO PAULO;880000.0;880000.0;2025-04-24T00:00:00;2025-04-23T09:30:24;2025-04-24T00:00:00;2026-10-24T00:00:00;1;False
60453032000174-2-000074/2025;2025NE000209;2025;60453032000174;UNIVERSIDADE FEDERAL DE SAO PAULO;MEC-UNIVERSIDADE FEDERAL DE SAO PAULO/SP;Serviços;Empenho;False;PJ;52886551000106;NEVES ENGENHARIA LTDA;1200.0;1200.0;2025-03-05T00:00:00;2025-04-24T14:02:00;2025-03-05T00:00:00;2025-12-31T00:00:00;0;False
60453032000174-2-000075/2025;2025NE000382;2025;60453032000174;UNIVERSIDADE FEDERAL DE SAO PAULO;MEC-UNIVERSIDADE FEDERAL DE SAO PAULO/SP;Serviços;Empenho;False;PE;EXEPM0134;ELSEVIER LATIN AMERICA SOUTH;27130.0;27130.0;2025-04-16T00:00:00;2025-04-24T14:02:19;2025-04-16T00:00:00;2025-12-31T00:00:00;0;False
60453032000174-2-000076/2025;2025NE000353;2025;60453032000174;UNIVERSIDADE FEDERAL DE SAO PAULO;MEC-UNIVERSIDADE FEDERAL DE SAO PAULO/SP;Serviços;Empenho;False;PJ;36624014000123;HIRIA A NUERNBERGMESSE BRASIL BUSINESS CONGRESSOS E EVENTOS LTDA.;2990.0;2990.0;2025-03-20T00:00:00;2025-04-24T15:53:56;2025-03-20T00:00:00;2025-12-31T00:00:00;0;False
60453032000174-2-000077/2025;2025NE000245;2025;60453032000174;UNIVERSIDADE FEDERAL DE SAO PAULO;MEC-UNIVERSIDADE FEDERAL DE SAO PAULO/SP;Serviços;Empenho;False;PJ;31856708000172;ANDRE A RODRIGUES ENGENHARIA;500.0;500.0;2025-03-10T00:00:00;2025-04-30T10:07:32;2025-03-10T00:00:00;2025-12-31T00:00:00;0;False
60453032000174-2-000078/2025;2025NE000366;2025;60453032000174;UNIVERSIDADE FEDERAL DE SAO PAULO;MEC-UNIVERSIDADE FEDERAL DE SAO PAULO/SP;Serviços;Empenho;False;PJ;31856708000172;ANDRE A RODRIGUES ENGENHARIA;500.0;500.0;2025-04-01T00:00:00;2025-04-30T10:14:03;2025-04-01T00:00:00;2025-12-31T00:00:00;0;False
60453032000174-2-000080/2025;2025NE000390;2025;60453032000174;UNIVERSIDADE FEDERAL DE SAO PAULO;MEC-UNIVERSIDADE FEDERAL DE SAO PAULO/SP;Serviços;Empenho;False;PJ;73334666000150;ASSOC NAC DIRIGENTES DAS INST FED DE ENSINO SUPERIOR;49952.76;49952.76;2025-04-24T00:00:00;2025-04-30T10:46:29;2025-04-24T00:00:00;2025-12-31T00:00:00;0;False
60453032000174-2-000297/2024;2024NE001926;2024;60453032000174;UNIVERSIDADE FEDERAL DE SAO PAULO;MEC-UNIVERSIDADE FEDERAL DE SAO PAULO/SP;Serviços;Empenho;False;PJ;30126526000183;EXCELENCIA SANEAMENTO LTDA;28000.0;28000.0;2024-12-23T00:00:00;2025-05-05T10:04:41;2024-12-23T00:00:00;2025-12-31T00:00:00;0;False
60453032000174-2-000298/2024;2024NE002042;2024;60453032000174;UNIVERSIDADE FEDERAL DE SAO PAULO;MEC-UNIVERSIDADE FEDERAL DE SAO PAULO/SP;Serviços;Empenho;False;PJ;23034526000198;CTE - SERVICOS E TRANSPORTES LTDA;4440.0;4440.0;2024-12-30T00:00:00;2025-05-05T15:56:23;2024-12-30T00:00:00;2025-12-31T00:00:00;1;False
60453032000174-2-000299/2024;2024NE001438;2024;60453032000174;UNIVERSIDADE FEDERAL DE SAO PAULO;MEC-UNIVERSIDADE FEDERAL DE SAO PAULO/SP;Serviços;Empenho;False;PJ;10948651003934;SPRINGER CARRIER LTDA;9036.0;9036.0;2024-10-24T00:00:00;2025-05-07T13:27:18;2024-10-24T00:00:00;2025-12-31T00:00:00;1;False
60453032000174-2-000084/2025;2025NE000164;2025;60453032000174;UNIVERSIDADE FEDERAL DE SAO PAULO;MEC-UNIVERSIDADE FEDERAL DE SAO PAULO/SP;Compras;Empenho;False;PJ;03422723000177;HISTOTECH LAMINAS DIDATICAS LTDA;7621.95;7621.95;2025-02-10T00:00:00;2025-05-13T13:23:30;2025-02-10T00:00:00;2025-12-31T00:00:00;0;False
60453032000174-2-000086/2025;2025NE000163;2025;60453032000174;UNIVERSIDADE FEDERAL DE SAO PAULO;MEC-UNIVERSIDADE FEDERAL DE SAO PAULO/SP;Compras;Empenho;False;PJ;13533610000100;WEBLABOR SAO PAULO MATERIAIS DIDATICOS LTDA;3510.0;3510.0;2025-02-10T00:00:00;2025-05-14T12:30:01;2025-02-10T00:00:00;2025-12-31T00:00:00;0;False
60453032000174-2-000091/2025;2025NE000397;2025;60453032000174;UNIVERSIDADE FEDERAL DE SAO PAULO;MEC-UNIVERSIDADE FEDERAL DE SAO PAULO/SP;Compras;Empenho;False;PJ;10852634000126;ROBERTO GIANNICHI FILHO;18914.88;18914.88;2025-04-30T00:00:00;2025-05-22T10:45:52;2025-04-30T00:00:00;2025-12-31T00:00:00;0;False
60453032000174-2-000093/2025;2025NE000399;2025;60453032000174;UNIVERSIDADE FEDERAL DE SAO PAULO;MEC-UNIVERSIDADE FEDERAL DE SAO PAULO/SP;Compras;Empenho;False;PJ;30925385000169;FM DISTRIBUIDORA DE PRODUTOS HOSPITALARES LTDA;2819.6;2819.6;2025-04-30T00:00:00;2025-05-27T11:56:12;2025-04-30T00:00:00;2025-12-31T00:00:00;0;False
60453032000174-2-000094/2025;2025NE000373;2025;60453032000174;UNIVERSIDADE FEDERAL DE SAO PAULO;MEC-UNIVERSIDADE FEDERAL DE SAO PAULO/SP;Compras;Empenho;False;PJ;13328409000183;13A INFORMATICA E MATERIAL DE ESCRITORIO LTDA;2756.4;2756.4;2025-04-10T00:00:00;2025-05-27T16:35:47;2025-04-10T00:00:00;2025-12-31T00:00:00;0;False
60453032000174-2-000098/2025;2025NE000455;2025;60453032000174;UNIVERSIDADE FEDERAL DE SAO PAULO;MEC-UNIVERSIDADE FEDERAL DE SAO PAULO/SP;Compras;Empenho;False;PJ;13328409000183;13A INFORMATICA E MATERIAL DE ESCRITORIO LTDA;9188.0;9188.0;2025-05-22T00:00:00;2025-05-30T15:49:19;2025-05-22T00:00:00;2025-12-31T00:00:00;0;False
60453032000174-2-000100/2025;2025NE000408;2025;60453032000174;UNIVERSIDADE FEDERAL DE SAO PAULO;MEC-UNIVERSIDADE FEDERAL DE SAO PAULO/SP;Compras;Empenho;False;PJ;13328409000183;13A INFORMATICA E MATERIAL DE ESCRITORIO LTDA;229.7;229.7;2025-05-13T00:00:00;2025-06-04T13:57:35;2025-05-13T00:00:00;2025-12-31T00:00:00;0;False
60453032000174-2-000101/2025;2025NE000409;2025;60453032000174;UNIVERSIDADE FEDERAL DE SAO PAULO;MEC-UNIVERSIDADE FEDERAL DE SAO PAULO/SP;Compras;Empenho;False;PJ;40929669000187;BIOPORTO SOLUCOES INTEGRADAS LTDA;2394.88;2394.88;2025-05-13T00:00:00;2025-06-04T15:13:07;2025-05-13T00:00:00;2025-12-31T00:00:00;0;False
60453032000174-2-000103/2025;2025NE000372;2025;60453032000174;UNIVERSIDADE FEDERAL DE SAO PAULO;MEC-UNIVERSIDADE FEDERAL DE SAO PAULO/SP;Serviços;Empenho;False;PJ;36005556000118;ISSACAR SOLUCOES EMPRESARIAIS LTDA;429.0;429.0;2025-04-10T00:00:00;2025-06-09T14:29:13;2025-04-10T00:00:00;2025-12-31T00:00:00;0;False
60453032000174-2-000105/2025;2025NE000459;2025;60453032000174;UNIVERSIDADE FEDERAL DE SAO PAULO;MEC-UNIVERSIDADE FEDERAL DE SAO PAULO/SP;Serviços;Empenho;False;PJ;31856708000172;ANDRE A RODRIGUES ENGENHARIA;632.89;632.89;2025-05-26T00:00:00;2025-06-11T13:59:03;2025-05-26T00:00:00;2025-12-31T00:00:00;0;False
60453032000174-2-000107/2025;2025NE000495;2025;60453032000174;UNIVERSIDADE FEDERAL DE SAO PAULO;MEC-UNIVERSIDADE FEDERAL DE SAO PAULO/SP;Serviços;Empenho;False;PJ;61856571000117;COMPANHIA DE GAS DE SAO PAULO COMGAS;6241.21;6241.21;2025-06-09T00:00:00;2025-06-12T12:43:38;2025-06-09T00:00:00;2025-12-31T00:00:00;0;False
60453032000174-2-000108/2025;2025NE000421;2025;60453032000174;UNIVERSIDADE FEDERAL DE SAO PAULO;MEC-UNIVERSIDADE FEDERAL DE SAO PAULO/SP;Compras;Empenho;False;PJ;31401798000107;DENTAL BH BRASIL COMERCIO DE PRODUTOS ODONTO-MEDICO-HOSPITALAR LTDA;126.5;126.5;2025-05-13T00:00:00;2025-06-16T11:17:42;2025-05-13T00:00:00;2025-12-31T00:00:00;0;False
60453032000174-2-000300/2024;2024NE001284;2024;60453032000174;UNIVERSIDADE FEDERAL DE SAO PAULO;MEC-UNIVERSIDADE FEDERAL DE SAO PAULO/SP;Serviços;Empenho;False;PJ;06978858000101;ASTEL LTDA;5400.0;5400.0;2024-10-10T00:00:00;2025-06-16T13:57:32;2024-10-10T00:00:00;2025-12-31T00:00:00;1;False
60453032000174-2-000109/2025;2025NE000472;2025;60453032000174;UNIVERSIDADE FEDERAL DE SAO PAULO;MEC-UNIVERSIDADE FEDERAL DE SAO PAULO/SP;Serviços;Empenho;False;PJ;49567087000172;IRE COMPANY LTDA;1250.0;1250.0;2025-05-30T00:00:00;2025-06-16T16:23:18;2025-05-30T00:00:00;2025-12-31T00:00:00;0;False
60453032000174-2-000301/2024;2024NE001710;2024;60453032000174;UNIVERSIDADE FEDERAL DE SAO PAULO;MEC-UNIVERSIDADE FEDERAL DE SAO PAULO/SP;Serviços;Empenho;False;PJ;51479413000131;COMERCIAL PEREIRA LIMA SERVICOS TERRAPLANAGEM LTDA;2900.0;2900.0;2024-11-28T00:00:00;2025-06-18T12:29:36;2024-11-28T00:00:00;2024-12-31T00:00:00;0;False
60453032000174-2-000302/2024;2024NE001490;2024;60453032000174;UNIVERSIDADE FEDERAL DE SAO PAULO;MEC-UNIVERSIDADE FEDERAL DE SAO PAULO/SP;Serviços;Empenho;False;PJ;51479413000131;COMERCIAL PEREIRA LIMA SERVICOS TERRAPLANAGEM LTDA;9300.0;9300.0;2024-10-30T00:00:00;2025-06-18T12:33:08;2024-10-30T00:00:00;2024-12-31T00:00:00;0;False
60453032000174-2-000303/2024;2024NE001623;2024;60453032000174;UNIVERSIDADE FEDERAL DE SAO PAULO;MEC-UNIVERSIDADE FEDERAL DE SAO PAULO/SP;Serviços;Empenho;False;PJ;04198254000117;MCR SISTEMAS E CONSULTORIA LTDA;19665.55;19665.55;2024-11-08T00:00:00;2025-06-23T12:11:12;2024-11-08T00:00:00;2024-12-31T00:00:00;0;False
60453032000174-2-000111/2025;2025NE000499;2025;60453032000174;UNIVERSIDADE FEDERAL DE SAO PAULO;MEC-UNIVERSIDADE FEDERAL DE SAO PAULO/SP;Serviços;Empenho;False;PJ;43776517000180;COMPANHIA DE SANEAMENTO BASICO DO ESTADO DE SAO PAULO - SABESP;843165.67;843165.67;2025-06-09T00:00:00;2025-06-23T16:56:49;2025-06-09T00:00:00;2025-12-31T00:00:00;0;False
60453032000174-2-000112/2025;2025NE000547;2025;60453032000174;UNIVERSIDADE FEDERAL DE SAO PAULO;MEC-UNIVERSIDADE FEDERAL DE SAO PAULO/SP;Compras;Empenho;False;PJ;10852634000126;ROBERTO GIANNICHI FILHO;19862.4;19862.4;2025-06-16T00:00:00;2025-06-24T13:08:35;2025-06-16T00:00:00;2025-12-31T00:00:00;0;False
60453032000174-2-000304/2024;2024NE001402;2024;60453032000174;UNIVERSIDADE FEDERAL DE SAO PAULO;MEC-UNIVERSIDADE FEDERAL DE SAO PAULO/SP;Serviços;Empenho;False;PJ;52201456000113;LEICA DO BRASIL IMPORTACAO E COMERCIO LTDA.;1920.0;1920.0;2024-10-23T00:00:00;2025-06-24T18:06:08;2024-10-23T00:00:00;2025-12-31T00:00:00;1;False
60453032000174-2-000115/2025;2025NE000406;2025;60453032000174;UNIVERSIDADE FEDERAL DE SAO PAULO;MEC-UNIVERSIDADE FEDERAL DE SAO PAULO/SP;Serviços;Empenho;False;PJ;86781069000115;ZENITE INFORMACAO E CONSULTORIA S/A;3270.0;3270.0;2025-05-13T00:00:00;2025-06-25T14:20:58;2025-05-13T00:00:00;2025-12-31T00:00:00;0;False
60453032000174-2-000116/2025;00087;2025;60453032000174;UNIVERSIDADE FEDERAL DE SAO PAULO;MEC-UNIVERSIDADE FEDERAL DE SAO PAULO/SP;Serviços;Contrato (termo inicial);True;PJ;07437996000146;FUNDACAO DE APOIO A UNIVERSIDADE FEDERAL DE SAO PAULO;1088000.0;1088000.0;2025-06-26T00:00:00;2025-06-26T09:34:22;2025-06-26T00:00:00;2027-06-26T00:00:00;1;False
60453032000174-2-000117/2025;2025NE000395;2025;60453032000174;UNIVERSIDADE FEDERAL DE SAO PAULO;MEC-UNIVERSIDADE FEDERAL DE SAO PAULO/SP;Serviços;Empenho;False;PJ;00333193000100;EDUDATA INFORMATICA S/S LTDA;14702.3;14702.3;2025-04-25T00:00:00;2025-06-27T11:09:35;2025-04-25T00:00:00;2025-12-31T00:00:00;0;False
60453032000174-2-000118/2025;2025NE000430;2025;60453032000174;UNIVERSIDADE FEDERAL DE SAO PAULO;MEC-UNIVERSIDADE FEDERAL DE SAO PAULO/SP;Compras;Empenho;False;PJ;08407651000102;LINEMED COMERCIO E MANUTENCAO DE EQUIPAMENTOS HOSPITALARES LTDA;1596.19;1596.19;2025-05-13T00:00:00;2025-06-27T19:08:53;2025-05-13T00:00:00;2025-12-31T00:00:00;0;False
60453032000174-2-000119/2025;2025NE000467;2025;60453032000174;UNIVERSIDADE FEDERAL DE SAO PAULO;MEC-UNIVERSIDADE FEDERAL DE SAO PAULO/SP;Compras;Empenho;False;PJ;23764812000109;A. C. MARTINS PROMOCAO DE VENDAS;825.0;825.0;2025-05-27T00:00:00;2025-06-30T09:13:50;2025-05-27T00:00:00;2025-12-31T00:00:00;0;False
60453032000174-2-000121/2025;2025NE000432;2025;60453032000174;UNIVERSIDADE FEDERAL DE SAO PAULO;MEC-UNIVERSIDADE FEDERAL DE SAO PAULO/SP;Compras;Empenho;False;PJ;13328409000183;13A INFORMATICA E MATERIAL DE ESCRITORIO LTDA;4594.0;4594.0;2025-05-13T00:00:00;2025-07-01T11:12:22;2025-05-13T00:00:00;2025-12-31T00:00:00;0;False
60453032000174-2-000122/2025;2025NE000462;2025;60453032000174;UNIVERSIDADE FEDERAL DE SAO PAULO;MEC-UNIVERSIDADE FEDERAL DE SAO PAULO/SP;Compras;Empenho;False;PJ;49506242000140;HALOGENN QUIMICA CIENTIFICA COMERCIO LTDA;6419.0;6419.0;2025-05-26T00:00:00;2025-07-03T12:22:37;2025-05-26T00:00:00;2025-12-31T00:00:00;0;False
60453032000174-2-000124/2025;2025NE000407;2025;60453032000174;UNIVERSIDADE FEDERAL DE SAO PAULO;MEC-UNIVERSIDADE FEDERAL DE SAO PAULO/SP;Compras;Empenho;False;PJ;31953767000169;TUPIRATINS MATERIAIS ESCOLARES LTDA;1522.62;1522.62;2025-05-13T00:00:00;2025-07-07T09:58:16;2025-05-13T00:00:00;2025-12-31T00:00:00;0;False
60453032000174-2-000126/2025;2025NE000398;2025;60453032000174;UNIVERSIDADE FEDERAL DE SAO PAULO;MEC-UNIVERSIDADE FEDERAL DE SAO PAULO/SP;Serviços;Empenho;False;PJ;08018281000111;DATATERRA ENGENHARIA PROJETOS E CONSULTORIA LTDA;5980.0;5980.0;2025-04-30T00:00:00;2025-07-07T16:15:17;2025-04-30T00:00:00;2025-12-31T00:00:00;2;False
60453032000174-2-000129/2025;2025NE000469;2025;60453032000174;UNIVERSIDADE FEDERAL DE SAO PAULO;MEC-UNIVERSIDADE FEDERAL DE SAO PAULO/SP;Compras;Empenho;False;PJ;12496814000148;PRINTE COMERCIO PARA IMPRESSAO LTDA;5240.0;5240.0;2025-05-27T00:00:00;2025-07-10T09:38:55;2025-05-27T00:00:00;2025-12-31T00:00:00;0;False
60453032000174-2-000130/2025;2025NE000470;2025;60453032000174;UNIVERSIDADE FEDERAL DE SAO PAULO;MEC-UNIVERSIDADE FEDERAL DE SAO PAULO/SP;Serviços;Empenho;False;PJ;08018281000111;DATATERRA ENGENHARIA PROJETOS E CONSULTORIA LTDA;3160.0;3160.0;2025-05-28T00:00:00;2025-07-10T14:45:29;2025-05-28T00:00:00;2025-12-31T00:00:00;0;False
60453032000174-2-000131/2025;2025NE000418;2025;60453032000174;UNIVERSIDADE FEDERAL DE SAO PAULO;MEC-UNIVERSIDADE FEDERAL DE SAO PAULO/SP;Compras;Empenho;False;PJ;04880181000149;AWKALAB PRODUTOS PARA LABORATORIO LTDA;828.0;828.0;2025-05-13T00:00:00;2025-07-14T10:57:48;2025-05-13T00:00:00;2025-12-31T00:00:00;0;False
60453032000174-2-000132/2025;2025NE000412;2025;60453032000174;UNIVERSIDADE FEDERAL DE SAO PAULO;MEC-UNIVERSIDADE FEDERAL DE SAO PAULO/SP;Compras;Empenho;False;PJ;22627453000185;A C L ASSISTENCIA E COMERCIO DE PRODUTOS PARA LABORATORIOS LTDA;13.0;13.0;2025-05-13T00:00:00;2025-07-14T11:14:06;2025-05-13T00:00:00;2025-12-31T00:00:00;0;False
60453032000174-2-000133/2025;2025NE000465;2025;60453032000174;UNIVERSIDADE FEDERAL DE SAO PAULO;MEC-UNIVERSIDADE FEDERAL DE SAO PAULO/SP;Compras;Empenho;False;PJ;44658678000131;A.C. DE ALMEIDA INFORMATICA E TECNOLOGIA LTDA;615.0;615.0;2025-05-27T00:00:00;2025-07-14T11:34:18;2025-05-27T00:00:00;2025-12-31T00:00:00;0;False
60453032000174-2-000135/2025;2025NE000476;2025;60453032000174;UNIVERSIDADE FEDERAL DE SAO PAULO;MEC-UNIVERSIDADE FEDERAL DE SAO PAULO/SP;Compras;Empenho;False;PJ;47043897000102;SANTANA DISTRIBUICAO COMERCIO E SERVICOS LTDA;2820.0;2820.0;2025-06-04T00:00:00;2025-07-15T09:27:52;2025-06-04T00:00:00;2025-12-31T00:00:00;0;False
60453032000174-2-000305/2024;2024NE001630;2024;60453032000174;UNIVERSIDADE FEDERAL DE SAO PAULO;MEC-UNIVERSIDADE FEDERAL DE SAO PAULO/SP;Compras;Empenho;False;PJ;19623162000104;LABVISION INSTRUMENTS COMERCIO E SERVICOS LTDA;13668.0;13668.0;2024-11-12T00:00:00;2025-07-15T10:46:31;2024-11-12T00:00:00;2024-12-31T00:00:00;0;False
60453032000174-2-000136/2025;2025NE000460;2025;60453032000174;UNIVERSIDADE FEDERAL DE SAO PAULO;MEC-UNIVERSIDADE FEDERAL DE SAO PAULO/SP;Compras;Empenho;False;PJ;49709450000147;DALO EMPREENDIMENTOS LTDA;2340.0;2340.0;2025-05-26T00:00:00;2025-07-15T16:12:23;2025-05-26T00:00:00;2025-12-31T00:00:00;0;False
60453032000174-2-000138/2025;00093;2025;60453032000174;UNIVERSIDADE FEDERAL DE SAO PAULO;MEC-UNIVERSIDADE FEDERAL DE SAO PAULO/SP;Serviços;Contrato (termo inicial);True;PJ;07437996000146;FUNDACAO DE APOIO A UNIVERSIDADE FEDERAL DE SAO PAULO;1681900.0;1681900.0;2025-07-10T00:00:00;2025-07-16T17:24:20;2025-07-10T00:00:00;2027-01-09T00:00:00;1;False
60453032000174-2-000139/2025;2025NE000502;2025;60453032000174;UNIVERSIDADE FEDERAL DE SAO PAULO;MEC-UNIVERSIDADE FEDERAL DE SAO PAULO/SP;Serviços;Empenho;False;PJ;61695227000193;ELETROPAULO METROPOLITANA ELETRICIDADE DE SAO PAULO S.A.;905855.76;905855.76;2025-06-09T00:00:00;2025-07-17T10:56:28;2025-06-09T00:00:00;2025-12-31T00:00:00;0;False
60453032000174-2-000140/2025;2025NE000501;2025;60453032000174;UNIVERSIDADE FEDERAL DE SAO PAULO;MEC-UNIVERSIDADE FEDERAL DE SAO PAULO/SP;Serviços;Empenho;False;PJ;61695227000193;ELETROPAULO METROPOLITANA ELETRICIDADE DE SAO PAULO S.A.;956262.57;956262.57;2025-06-09T00:00:00;2025-07-17T10:56:29;2025-06-09T00:00:00;2025-12-31T00:00:00;0;False
60453032000174-2-000141/2025;2025NE000600;2025;60453032000174;UNIVERSIDADE FEDERAL DE SAO PAULO;MEC-UNIVERSIDADE FEDERAL DE SAO PAULO/SP;Compras;Empenho;False;PJ;13328409000183;13A INFORMATICA E MATERIAL DE ESCRITORIO LTDA;13782.0;13782.0;2025-07-04T00:00:00;2025-07-17T11:15:50;2025-07-04T00:00:00;2025-12-31T00:00:00;0;False
60453032000174-2-000142/2025;2025NE000564;2025;60453032000174;UNIVERSIDADE FEDERAL DE SAO PAULO;MEC-UNIVERSIDADE FEDERAL DE SAO PAULO/SP;Serviços;Empenho;False;PJ;43776517000180;COMPANHIA DE SANEAMENTO BASICO DO ESTADO DE SAO PAULO - SABESP;552555.08;552555.08;2025-06-20T00:00:00;2025-07-17T11:32:11;2025-06-20T00:00:00;2025-12-31T00:00:00;0;False
60453032000174-2-000143/2025;2025NE000575;2025;60453032000174;UNIVERSIDADE FEDERAL DE SAO PAULO;MEC-UNIVERSIDADE FEDERAL DE SAO PAULO/SP;Compras;Empenho;False;PJ;30351303000110;BERLIN DISTRIBUIDORA DE MATERIAIS ELETRICOS LTDA.;6944.55;6944.55;2025-06-24T00:00:00;2025-07-17T13:53:02;2025-06-24T00:00:00;2025-12-31T00:00:00;0;False
60453032000174-2-000144/2025;2025NE000604;2025;60453032000174;UNIVERSIDADE FEDERAL DE SAO PAULO;MEC-UNIVERSIDADE FEDERAL DE SAO PAULO/SP;Compras;Empenho;False;PJ;51078311000104;FARCAN CIRURGICOS LTDA;1110.0;1110.0;2025-07-04T00:00:00;2025-07-17T17:59:41;2025-07-04T00:00:00;2025-12-31T00:00:00;0;False
60453032000174-2-000146/2025;2025NE000446;2025;60453032000174;UNIVERSIDADE FEDERAL DE SAO PAULO;MEC-UNIVERSIDADE FEDERAL DE SAO PAULO/SP;Compras;Empenho;False;PJ;31953767000169;TUPIRATINS MATERIAIS ESCOLARES LTDA;180.4;180.4;2025-05-20T00:00:00;2025-07-22T12:27:27;2025-05-20T00:00:00;2025-12-31T00:00:00;0;False
60453032000174-2-000147/2025;2025NE000589;2025;60453032000174;UNIVERSIDADE FEDERAL DE SAO PAULO;MEC-UNIVERSIDADE FEDERAL DE SAO PAULO/SP;Compras;Empenho;False;PJ;31953767000169;TUPIRATINS MATERIAIS ESCOLARES LTDA;289.23;289.23;2025-07-01T00:00:00;2025-07-22T12:36:02;2025-07-01T00:00:00;2025-12-31T00:00:00;0;False
60453032000174-2-000148/2025;2025NE000475;2025;60453032000174;UNIVERSIDADE FEDERAL DE SAO PAULO;MEC-UNIVERSIDADE FEDERAL DE SAO PAULO/SP;Compras;Empenho;False;PJ;39535062000133;BENICIO PNEUS LTDA;6384.0;6384.0;2025-06-04T00:00:00;2025-07-23T10:22:44;2025-06-04T00:00:00;2025-12-31T00:00:00;0;False
60453032000174-2-000151/2025;2025NE000450;2025;60453032000174;UNIVERSIDADE FEDERAL DE SAO PAULO;MEC-UNIVERSIDADE FEDERAL DE SAO PAULO/SP;Serviços;Empenho;False;PJ;12465165000118;ASSOCIACAO NACIONAL DOS INTEGRANTES DAS UNIDADES DE AUDITORIA INTERNA GOVERNAMEN;1600.0;1600.0;2025-05-21T00:00:00;2025-07-23T15:09:46;2025-05-21T00:00:00;2025-12-31T00:00:00;0;False
60453032000174-2-000152/2025;2025NE000607;2025;60453032000174;UNIVERSIDADE FEDERAL DE SAO PAULO;MEC-UNIVERSIDADE FEDERAL DE SAO PAULO/SP;Compras;Empenho;False;PJ;35279491000136;VENDOR COMERCIO DE PRODUTOS LTDA;1644.0;1644.0;2025-07-04T00:00:00;2025-07-24T11:57:54;2025-07-04T00:00:00;2025-12-31T00:00:00;0;False
60453032000174-2-000153/2025;2025NE000676;2025;60453032000174;UNIVERSIDADE FEDERAL DE SAO PAULO;MEC-UNIVERSIDADE FEDERAL DE SAO PAULO/SP;Serviços;Empenho;False;PJ;31856708000172;ANDRE A RODRIGUES ENGENHARIA;632.89;632.89;2025-07-11T00:00:00;2025-07-24T16:12:39;2025-07-11T00:00:00;2025-12-31T00:00:00;0;False
60453032000174-2-000154/2025;2025NE000424;2025;60453032000174;UNIVERSIDADE FEDERAL DE SAO PAULO;MEC-UNIVERSIDADE FEDERAL DE SAO PAULO/SP;Compras;Empenho;False;PJ;60637667000121;INDUSTRIA E COMERCIO ELETRO ELETRONICA GEHAKA LTDA.;59160.0;59160.0;2025-05-13T00:00:00;2025-07-28T09:49:14;2025-05-13T00:00:00;2025-12-31T00:00:00;0;False
60453032000174-2-000155/2025;2025NE000743;2025;60453032000174;UNIVERSIDADE FEDERAL DE SAO PAULO;MEC-UNIVERSIDADE FEDERAL DE SAO PAULO/SP;Serviços;Empenho;False;PE;EXEPM0775;ASSOCIACION DE UNIVERSIDADES DE MONTEVIDEO;48200.0;48200.0;2025-07-24T00:00:00;2025-07-28T14:44:26;2025-07-24T00:00:00;2025-12-31T00:00:00;0;False
60453032000174-2-000156/2025;2025NE000749;2025;60453032000174;UNIVERSIDADE FEDERAL DE SAO PAULO;MEC-UNIVERSIDADE FEDERAL DE SAO PAULO/SP;Serviços;Empenho;False;PE;EXEIFS385;IFSCC;17770.0;17770.0;2025-07-25T00:00:00;2025-07-28T14:47:04;2025-07-25T00:00:00;2025-12-31T00:00:00;0;False
60453032000174-2-000157/2025;2025NE000602;2025;60453032000174;UNIVERSIDADE FEDERAL DE SAO PAULO;MEC-UNIVERSIDADE FEDERAL DE SAO PAULO/SP;Compras;Empenho;False;PJ;57138776000190;57.138.776 HELIO MOACIR FACHINI;464.0;464.0;2025-07-04T00:00:00;2025-07-28T16:18:09;2025-07-04T00:00:00;2025-12-31T00:00:00;0;False
60453032000174-2-000158/2025;2025NE000708;2025;60453032000174;UNIVERSIDADE FEDERAL DE SAO PAULO;MEC-UNIVERSIDADE FEDERAL DE SAO PAULO/SP;Compras;Empenho;False;PJ;11994821000107;LEVIT COMERCIO, IMPORTACAO  E EXPORTACAO DE PRODUTOS TECNOLOGICOS LTDA;790.0;790.0;2025-07-16T00:00:00;2025-07-29T15:32:22;2025-07-16T00:00:00;2025-12-31T00:00:00;0;False
60453032000174-2-000159/2025;2025NE000707;2025;60453032000174;UNIVERSIDADE FEDERAL DE SAO PAULO;MEC-UNIVERSIDADE FEDERAL DE SAO PAULO/SP;Compras;Empenho;False;PJ;17791755000154;IDPROMO COMERCIAL LTDA;410.0;410.0;2025-07-16T00:00:00;2025-07-29T15:56:49;2025-07-16T00:00:00;2025-12-31T00:00:00;0;False
60453032000174-2-000160/2025;2025NE000466;2025;60453032000174;UNIVERSIDADE FEDERAL DE SAO PAULO;MEC-UNIVERSIDADE FEDERAL DE SAO PAULO/SP;Compras;Empenho;False;PJ;08018118000159;SERGIO EDUARDO DE FIGUEIREDO BARBOSA;2775.0;2775.0;2025-05-27T00:00:00;2025-07-30T11:22:55;2025-05-27T00:00:00;2025-12-31T00:00:00;0;False
60453032000174-2-000165/2025;2025NE000504;2025;60453032000174;UNIVERSIDADE FEDERAL DE SAO PAULO;MEC-UNIVERSIDADE FEDERAL DE SAO PAULO/SP;Serviços;Empenho;False;PJ;31856708000172;ANDRE A RODRIGUES ENGENHARIA;500.0;500.0;2025-06-09T00:00:00;2025-08-06T15:29:33;2025-06-09T00:00:00;2025-12-31T00:00:00;0;False
60453032000174-2-000168/2025;2025NE000827;2025;60453032000174;UNIVERSIDADE FEDERAL DE SAO PAULO;MEC-UNIVERSIDADE FEDERAL DE SAO PAULO/SP;Serviços;Empenho;False;PJ;10789274000165;ASSOCIACAO BRASILEIRA DE INSTITUICOES DE EDUCACAO SUPERIOR PARA A COOPERACAO INT;17201.42;17201.42;2025-08-06T00:00:00;2025-08-12T09:43:59;2025-08-06T00:00:00;2025-12-31T00:00:00;0;False
60453032000174-2-000169/2025;2025NE000709;2025;60453032000174;UNIVERSIDADE FEDERAL DE SAO PAULO;MEC-UNIVERSIDADE FEDERAL DE SAO PAULO/SP;Compras;Empenho;False;PJ;08018118000159;SERGIO EDUARDO DE FIGUEIREDO BARBOSA;1850.0;1850.0;2025-07-16T00:00:00;2025-08-12T11:06:22;2025-07-16T00:00:00;2025-12-31T00:00:00;0;False
60453032000174-2-000170/2025;2025NE000848;2025;60453032000174;UNIVERSIDADE FEDERAL DE SAO PAULO;MEC-UNIVERSIDADE FEDERAL DE SAO PAULO/SP;Serviços;Empenho;False;PE;EXCSP0821;MDPI AG;8950.0;8950.0;2025-08-08T00:00:00;2025-08-12T12:09:03;2025-08-08T00:00:00;2025-12-31T00:00:00;0;False
60453032000174-2-000173/2025;2025NE000649;2025;60453032000174;UNIVERSIDADE FEDERAL DE SAO PAULO;MEC-UNIVERSIDADE FEDERAL DE SAO PAULO/SP;Compras;Empenho;False;PJ;45388474000190;AGHA ATACADO LTDA;5926.8;5926.8;2025-07-10T00:00:00;2025-08-14T11:17:19;2025-07-10T00:00:00;2025-12-31T00:00:00;0;False
60453032000174-2-000174/2025;2025NE000809;2025;60453032000174;UNIVERSIDADE FEDERAL DE SAO PAULO;MEC-UNIVERSIDADE FEDERAL DE SAO PAULO/SP;Serviços;Empenho;False;PJ;43776517000180;COMPANHIA DE SANEAMENTO BASICO DO ESTADO DE SAO PAULO - SABESP;20936.12;20936.12;2025-08-05T00:00:00;2025-08-14T11:46:10;2025-08-05T00:00:00;2025-12-31T00:00:00;0;False
60453032000174-2-000306/2024;2024NE001468;2024;60453032000174;UNIVERSIDADE FEDERAL DE SAO PAULO;MEC-UNIVERSIDADE FEDERAL DE SAO PAULO/SP;Compras;Empenho;False;PJ;63067904000235;LIFE TECHNOLOGIES BRASIL COMERCIO E INDUSTRIA DE PRODUTOS PARA BIOTECNOLOGIA LTD;10596.4;10596.4;2024-10-25T00:00:00;2025-08-14T14:39:03;2024-10-25T00:00:00;2025-12-31T00:00:00;1;False
60453032000174-2-000175/2025;2025NE000605;2025;60453032000174;UNIVERSIDADE FEDERAL DE SAO PAULO;MEC-UNIVERSIDADE FEDERAL DE SAO PAULO/SP;Compras;Empenho;False;PJ;56979281000120;56.979.281 RICARDO FERNANDES FEITOSA BENEDICTO;594.0;594.0;2025-07-04T00:00:00;2025-08-14T17:19:50;2025-07-04T00:00:00;2025-12-31T00:00:00;0;False
60453032000174-2-000176/2025;2025NE000794;2025;60453032000174;UNIVERSIDADE FEDERAL DE SAO PAULO;MEC-UNIVERSIDADE FEDERAL DE SAO PAULO/SP;Compras;Empenho;False;PJ;38098188000125;VO NINO EMBALAGENS LTDA;51.9;51.9;2025-08-01T00:00:00;2025-08-15T09:33:29;2025-08-01T00:00:00;2025-12-31T00:00:00;0;False
60453032000174-2-000177/2025;2025NE000793;2025;60453032000174;UNIVERSIDADE FEDERAL DE SAO PAULO;MEC-UNIVERSIDADE FEDERAL DE SAO PAULO/SP;Compras;Empenho;False;PJ;65488280000174;PERSONAL TECNOLOGIA DA INFORMACAO E COMERCIO LTDA;88.3;88.3;2025-08-01T00:00:00;2025-08-15T09:37:56;2025-08-01T00:00:00;2025-12-31T00:00:00;0;False
60453032000174-2-000178/2025;2025NE000622;2025;60453032000174;UNIVERSIDADE FEDERAL DE SAO PAULO;MEC-UNIVERSIDADE FEDERAL DE SAO PAULO/SP;Compras;Empenho;False;PJ;13224500000159;QUIMAFLEX CIENTIFICA LTDA;320.0;320.0;2025-07-04T00:00:00;2025-08-15T12:11:29;2025-07-04T00:00:00;2025-12-31T00:00:00;0;False
60453032000174-2-000179/2025;2025NE000619;2025;60453032000174;UNIVERSIDADE FEDERAL DE SAO PAULO;MEC-UNIVERSIDADE FEDERAL DE SAO PAULO/SP;Compras;Empenho;False;PJ;32578926000155;DINALAB COMERCIO E SERVICOS LTDA;697.4;697.4;2025-07-04T00:00:00;2025-08-15T16:00:34;2025-07-04T00:00:00;2025-12-31T00:00:00;0;False
60453032000174-2-000307/2024;2024NE002040;2024;60453032000174;UNIVERSIDADE FEDERAL DE SAO PAULO;MEC-UNIVERSIDADE FEDERAL DE SAO PAULO/SP;Serviços;Empenho;False;PJ;23034526000198;CTE - SERVICOS E TRANSPORTES LTDA;18400.0;18400.0;2024-12-30T00:00:00;2025-08-15T16:09:42;2024-12-30T00:00:00;2025-12-31T00:00:00;1;False
60453032000174-2-000180/2025;2025NE000618;2025;60453032000174;UNIVERSIDADE FEDERAL DE SAO PAULO;MEC-UNIVERSIDADE FEDERAL DE SAO PAULO/SP;Compras;Empenho;False;PJ;09134068000138;OBAH PRODUTOS E SERVICOS ANALITICOS LTDA;270.0;270.0;2025-07-04T00:00:00;2025-08-15T16:28:36;2025-07-04T00:00:00;2025-12-31T00:00:00;0;False
60453032000174-2-000181/2025;2025NE000801;2025;60453032000174;UNIVERSIDADE FEDERAL DE SAO PAULO;MEC-UNIVERSIDADE FEDERAL DE SAO PAULO/SP;Compras;Empenho;False;PJ;57568779000163;LICITY OSASCO LICITACOES E COMERCIO LTDA;8282.47;8282.47;2025-08-04T00:00:00;2025-08-18T15:24:26;2025-08-04T00:00:00;2025-12-31T00:00:00;0;False
60453032000174-2-000182/2025;2025NE000703;2025;60453032000174;UNIVERSIDADE FEDERAL DE SAO PAULO;MEC-UNIVERSIDADE FEDERAL DE SAO PAULO/SP;Serviços;Empenho;False;PJ;43776517000180;COMPANHIA DE SANEAMENTO BASICO DO ESTADO DE SAO PAULO - SABESP;386958.69;386958.69;2025-07-15T00:00:00;2025-08-19T15:33:41;2025-07-15T00:00:00;2025-12-31T00:00:00;0;False
60453032000174-2-000183/2025;2025NE000700;2025;60453032000174;UNIVERSIDADE FEDERAL DE SAO PAULO;MEC-UNIVERSIDADE FEDERAL DE SAO PAULO/SP;Serviços;Empenho;False;PJ;61695227000193;ELETROPAULO METROPOLITANA ELETRICIDADE DE SAO PAULO S.A.;495857.21;495857.21;2025-07-15T00:00:00;2025-08-20T09:38:46;2025-07-15T00:00:00;2025-12-31T00:00:00;0;False
60453032000174-2-000184/2025;2025NE000701;2025;60453032000174;UNIVERSIDADE FEDERAL DE SAO PAULO;MEC-UNIVERSIDADE FEDERAL DE SAO PAULO/SP;Serviços;Empenho;False;PJ;61695227000193;ELETROPAULO METROPOLITANA ELETRICIDADE DE SAO PAULO S.A.;452510.2;452510.2;2025-07-15T00:00:00;2025-08-20T09:38:47;2025-07-15T00:00:00;2025-12-31T00:00:00;0;False
60453032000174-2-000188/2025;2025NE000817;2025;60453032000174;UNIVERSIDADE FEDERAL DE SAO PAULO;MEC-UNIVERSIDADE FEDERAL DE SAO PAULO/SP;Serviços;Empenho;False;PJ;86781069000115;ZENITE INFORMACAO E CONSULTORIA S/A;3930.0;3930.0;2025-08-05T00:00:00;2025-08-22T10:10:58;2025-08-05T00:00:00;2025-12-31T00:00:00;0;False
60453032000174-2-000189/2025;2025NE000731;2025;60453032000174;UNIVERSIDADE FEDERAL DE SAO PAULO;MEC-UNIVERSIDADE FEDERAL DE SAO PAULO/SP;Compras;Empenho;False;PJ;56027595000123;MATHEUS SOUSA DE LIMA LTDA;440.0;440.0;2025-07-18T00:00:00;2025-08-22T12:46:48;2025-07-18T00:00:00;2025-12-31T00:00:00;0;False
60453032000174-2-000190/2025;2025NE000648;2025;60453032000174;UNIVERSIDADE FEDERAL DE SAO PAULO;MEC-UNIVERSIDADE FEDERAL DE SAO PAULO/SP;Compras;Empenho;False;PJ;31953767000169;TUPIRATINS MATERIAIS ESCOLARES LTDA;23601.9;23601.9;2025-07-10T00:00:00;2025-08-22T13:13:19;2025-07-10T00:00:00;2025-12-31T00:00:00;0;False
60453032000174-2-000191/2025;2025NE000922;2025;60453032000174;UNIVERSIDADE FEDERAL DE SAO PAULO;MEC-UNIVERSIDADE FEDERAL DE SAO PAULO/SP;Compras;Empenho;False;PJ;13328409000183;13A INFORMATICA E MATERIAL DE ESCRITORIO LTDA;4594.0;4594.0;2025-08-18T00:00:00;2025-08-22T14:51:53;2025-08-18T00:00:00;2025-12-31T00:00:00;0;False
60453032000174-2-000194/2025;2025NE000776;2025;60453032000174;UNIVERSIDADE FEDERAL DE SAO PAULO;MEC-UNIVERSIDADE FEDERAL DE SAO PAULO/SP;Compras;Empenho;False;PJ;13328409000183;13A INFORMATICA E MATERIAL DE ESCRITORIO LTDA;12775.0;12775.0;2025-07-29T00:00:00;2025-08-25T10:00:53;2025-07-29T00:00:00;2025-12-31T00:00:00;0;False
60453032000174-2-000308/2024;2024NE001444;2024;60453032000174;UNIVERSIDADE FEDERAL DE SAO PAULO;MEC-UNIVERSIDADE FEDERAL DE SAO PAULO/SP;Compras;Empenho;False;PJ;15786607000116;ARN NOVA ERA COMERCIAL E SERVICOS LTDA;2926.94;2926.94;2024-10-24T00:00:00;2025-08-25T11:37:30;2024-10-24T00:00:00;2025-12-31T00:00:00;1;False
60453032000174-2-000309/2024;2024NE001443;2024;60453032000174;UNIVERSIDADE FEDERAL DE SAO PAULO;MEC-UNIVERSIDADE FEDERAL DE SAO PAULO/SP;Serviços;Empenho;False;PJ;15786607000116;ARN NOVA ERA COMERCIAL E SERVICOS LTDA;1980.0;1980.0;2024-10-24T00:00:00;2025-08-25T11:37:31;2024-10-24T00:00:00;2025-12-31T00:00:00;1;False
60453032000174-2-000195/2025;2025NE000918;2025;60453032000174;UNIVERSIDADE FEDERAL DE SAO PAULO;MEC-UNIVERSIDADE FEDERAL DE SAO PAULO/SP;Serviços;Empenho;False;PJ;04436855000110;PRATA CONSULTORIA E LOCACOES LTDA;1860.0;1860.0;2025-08-15T00:00:00;2025-08-26T14:12:56;2025-08-15T00:00:00;2025-12-31T00:00:00;0;False
60453032000174-2-000196/2025;2025NE000902;2025;60453032000174;UNIVERSIDADE FEDERAL DE SAO PAULO;MEC-UNIVERSIDADE FEDERAL DE SAO PAULO/SP;Compras;Empenho;False;PJ;46762527000154;SELENIUM MEDICAL LTDA;484.4;484.4;2025-08-13T00:00:00;2025-08-27T12:28:59;2025-08-13T00:00:00;2025-12-31T00:00:00;0;False
60453032000174-2-000197/2025;2025NE000937;2025;60453032000174;UNIVERSIDADE FEDERAL DE SAO PAULO;MEC-UNIVERSIDADE FEDERAL DE SAO PAULO/SP;Compras;Empenho;False;PJ;05291541000130;TY BORTHOLIN COMERCIAL LTDA;93.0;93.0;2025-08-18T00:00:00;2025-08-27T17:11:32;2025-08-18T00:00:00;2025-12-31T00:00:00;0;False
60453032000174-2-000198/2025;2025NE000710;2025;60453032000174;UNIVERSIDADE FEDERAL DE SAO PAULO;MEC-UNIVERSIDADE FEDERAL DE SAO PAULO/SP;Compras;Empenho;False;PJ;12496814000148;PRINTE COMERCIO PARA IMPRESSAO LTDA;3144.0;3144.0;2025-07-16T00:00:00;2025-08-28T13:23:08;2025-07-16T00:00:00;2025-12-31T00:00:00;0;False
60453032000174-2-000199/2025;2025NE000831;2025;60453032000174;UNIVERSIDADE FEDERAL DE SAO PAULO;MEC-UNIVERSIDADE FEDERAL DE SAO PAULO/SP;Serviços;Empenho;False;PJ;08598186000134;EDITORA CASA 10 LTDA;3270.0;3270.0;2025-08-06T00:00:00;2025-08-28T16:21:02;2025-08-06T00:00:00;2025-12-31T00:00:00;0;False
60453032000174-2-000202/2025;2025NE000796;2025;60453032000174;UNIVERSIDADE FEDERAL DE SAO PAULO;MEC-UNIVERSIDADE FEDERAL DE SAO PAULO/SP;Compras;Empenho;False;PJ;47669521000108;VF TECH STORE LTDA;6251.0;6251.0;2025-08-01T00:00:00;2025-09-01T14:11:27;2025-08-01T00:00:00;2025-12-31T00:00:00;0;False
60453032000174-2-000206/2025;2025NE000946;2025;60453032000174;UNIVERSIDADE FEDERAL DE SAO PAULO;MEC-UNIVERSIDADE FEDERAL DE SAO PAULO/SP;Compras;Empenho;False;PJ;11301724000191;QUALY COMERCIAL LTDA;1013.97;1013.97;2025-08-18T00:00:00;2025-09-02T15:58:37;2025-08-18T00:00:00;2025-12-31T00:00:00;0;False
60453032000174-2-000207/2025;2025NE000574;2025;60453032000174;UNIVERSIDADE FEDERAL DE SAO PAULO;MEC-UNIVERSIDADE FEDERAL DE SAO PAULO/SP;Compras;Empenho;False;PJ;13338581000118;RALTEC ELETRO AUTOMACAO LTDA;2733.0;2733.0;2025-06-24T00:00:00;2025-09-03T09:25:13;2025-06-24T00:00:00;2025-12-31T00:00:00;0;False
60453032000174-2-000210/2025;2025NE000934;2025;60453032000174;UNIVERSIDADE FEDERAL DE SAO PAULO;MEC-UNIVERSIDADE FEDERAL DE SAO PAULO/SP;Serviços;Empenho;False;PJ;61695227000193;ELETROPAULO METROPOLITANA ELETRICIDADE DE SAO PAULO S.A.;505545.34;505545.34;2025-08-18T00:00:00;2025-09-03T15:48:30;2025-08-18T00:00:00;2025-12-31T00:00:00;0;False
60453032000174-2-000211/2025;2025NE000616;2025;60453032000174;UNIVERSIDADE FEDERAL DE SAO PAULO;MEC-UNIVERSIDADE FEDERAL DE SAO PAULO/SP;Compras;Empenho;False;PJ;31931501000115;ZARALAB COMERCIO DE PRODUTOS LABORATORIAIS LTDA;756.29;756.29;2025-07-04T00:00:00;2025-09-03T16:02:16;2025-07-04T00:00:00;2025-12-31T00:00:00;0;False
60453032000174-2-000212/2025;2025NE000936;2025;60453032000174;UNIVERSIDADE FEDERAL DE SAO PAULO;MEC-UNIVERSIDADE FEDERAL DE SAO PAULO/SP;Serviços;Empenho;False;PJ;61695227000193;ELETROPAULO METROPOLITANA ELETRICIDADE DE SAO PAULO S.A.;496213.77;496213.77;2025-08-18T00:00:00;2025-09-03T16:21:19;2025-08-18T00:00:00;2025-12-31T00:00:00;0;False
60453032000174-2-000213/2025;2025NE000651;2025;60453032000174;UNIVERSIDADE FEDERAL DE SAO PAULO;MEC-UNIVERSIDADE FEDERAL DE SAO PAULO/SP;Serviços;Empenho;False;PJ;66018185000170;TRANSMORATO - TRANSPORTE E COLETA DE LIXO LTDA;10940.0;10940.0;2025-07-10T00:00:00;2025-09-03T16:28:14;2025-07-10T00:00:00;2025-12-31T00:00:00;0;False
60453032000174-2-000216/2025;2025NE000939;2025;60453032000174;UNIVERSIDADE FEDERAL DE SAO PAULO;MEC-UNIVERSIDADE FEDERAL DE SAO PAULO/SP;Compras;Empenho;False;PJ;04919019000197;ALFAPLAST COMERCIO DE PRODUTOS PARA LABORATORIOS LTDA;846.7;846.7;2025-08-18T00:00:00;2025-09-05T13:55:12;2025-08-18T00:00:00;2025-12-31T00:00:00;0;False
60453032000174-2-000217/2025;2025NE000944;2025;60453032000174;UNIVERSIDADE FEDERAL DE SAO PAULO;MEC-UNIVERSIDADE FEDERAL DE SAO PAULO/SP;Compras;Empenho;False;PJ;04919019000197;ALFAPLAST COMERCIO DE PRODUTOS PARA LABORATORIOS LTDA;120.0;120.0;2025-08-18T00:00:00;2025-09-05T13:55:47;2025-08-18T00:00:00;2025-12-31T00:00:00;0;False
60453032000174-2-000218/2025;2025NE001014;2025;60453032000174;UNIVERSIDADE FEDERAL DE SAO PAULO;MEC-UNIVERSIDADE FEDERAL DE SAO PAULO/SP;Compras;Empenho;False;PJ;13328409000183;13A INFORMATICA E MATERIAL DE ESCRITORIO LTDA;12225.0;12225.0;2025-08-25T00:00:00;2025-09-05T16:00:42;2025-08-25T00:00:00;2025-12-31T00:00:00;0;False
60453032000174-2-000219/2025;2025NE000647;2025;60453032000174;UNIVERSIDADE FEDERAL DE SAO PAULO;MEC-UNIVERSIDADE FEDERAL DE SAO PAULO/SP;Compras;Empenho;False;PJ;47853538000102;TIMO PAPER SUPRIMENTOS PARA ESCRITORIO LTDA;6840.0;6840.0;2025-07-10T00:00:00;2025-09-05T16:01:08;2025-07-10T00:00:00;2025-12-31T00:00:00;0;False
60453032000174-2-000220/2025;2025NE000900;2025;60453032000174;UNIVERSIDADE FEDERAL DE SAO PAULO;MEC-UNIVERSIDADE FEDERAL DE SAO PAULO/SP;Compras;Empenho;False;PJ;52647847000166;DONADI COMERCIO E REPRESENTACAO LTDA;940.5;940.5;2025-08-13T00:00:00;2025-09-05T16:43:10;2025-08-13T00:00:00;2025-12-31T00:00:00;0;False
60453032000174-2-000221/2025;2025NE000904;2025;60453032000174;UNIVERSIDADE FEDERAL DE SAO PAULO;MEC-UNIVERSIDADE FEDERAL DE SAO PAULO/SP;Compras;Empenho;False;PJ;29404097000180;OCTO FARMACO LTDA;1217.29;1217.29;2025-08-13T00:00:00;2025-09-05T16:43:38;2025-08-13T00:00:00;2025-12-31T00:00:00;0;False
60453032000174-2-000222/2025;2025NE001116;2025;60453032000174;UNIVERSIDADE FEDERAL DE SAO PAULO;MEC-UNIVERSIDADE FEDERAL DE SAO PAULO/SP;Serviços;Empenho;False;PJ;08880559000165;ASSOCIACAO DOS MEMBROS BRASILEIROS DA INTERNATIONAL SOCIETY FOR AUGMENTATIVE AND ALTERNATIVE COMMUNICATION;600.0;600.0;2025-09-02T00:00:00;2025-09-05T18:44:51;2025-09-02T00:00:00;2025-12-31T00:00:00;0;False
60453032000174-2-000223/2025;2025NE000993;2025;60453032000174;UNIVERSIDADE FEDERAL DE SAO PAULO;MEC-UNIVERSIDADE FEDERAL DE SAO PAULO/SP;Compras;Empenho;False;PJ;51804071000188;ELITE SUL COMERCIO LTDA;786.04;786.04;2025-08-21T00:00:00;2025-09-08T10:53:23;2025-08-21T00:00:00;2025-12-31T00:00:00;0;False
60453032000174-2-000224/2025;2025NE000477;2025;60453032000174;UNIVERSIDADE FEDERAL DE SAO PAULO;MEC-UNIVERSIDADE FEDERAL DE SAO PAULO/SP;Serviços;Empenho;False;PJ;13389795000113;CONTENT MIND CAPACITACAO PROFISSIONAL LTDA;1200.0;1200.0;2025-06-04T00:00:00;2025-09-08T11:39:27;2025-06-04T00:00:00;2025-12-31T00:00:00;0;False
60453032000174-2-000226/2025;2025NE000931;2025;60453032000174;UNIVERSIDADE FEDERAL DE SAO PAULO;MEC-UNIVERSIDADE FEDERAL DE SAO PAULO/SP;Serviços;Empenho;False;PJ;43776517000180;COMPANHIA DE SANEAMENTO BASICO DO ESTADO DE SAO PAULO - SABESP;392947.44;392947.44;2025-08-18T00:00:00;2025-09-08T13:37:39;2025-08-18T00:00:00;2025-12-31T00:00:00;0;False
60453032000174-2-000227/2025;2025NE001114;2025;60453032000174;UNIVERSIDADE FEDERAL DE SAO PAULO;MEC-UNIVERSIDADE FEDERAL DE SAO PAULO/SP;Serviços;Empenho;False;PJ;03966317000175;MAPA ADMINISTRADORA DE CONVENIOS E CARTOES LTDA.;8025.0;8025.0;2025-09-02T00:00:00;2025-09-09T09:07:43;2025-09-02T00:00:00;2025-12-31T00:00:00;0;False
60453032000174-2-000229/2025;2025NE001013;2025;60453032000174;UNIVERSIDADE FEDERAL DE SAO PAULO;MEC-UNIVERSIDADE FEDERAL DE SAO PAULO/SP;Serviços;Empenho;False;PJ;23034526000198;CTE - SERVICOS E TRANSPORTES LTDA;2393.07;2393.07;2025-08-25T00:00:00;2025-09-10T11:10:21;2025-08-25T00:00:00;2025-12-31T00:00:00;0;False
60453032000174-2-000230/2025;2025NE001035;2025;60453032000174;UNIVERSIDADE FEDERAL DE SAO PAULO;MEC-UNIVERSIDADE FEDERAL DE SAO PAULO/SP;Compras;Empenho;False;PJ;31953767000169;TUPIRATINS MATERIAIS ESCOLARES LTDA;1780.05;1780.05;2025-08-27T00:00:00;2025-09-11T14:44:41;2025-08-27T00:00:00;2025-12-31T00:00:00;0;False
60453032000174-2-000231/2025;2025NE000803;2025;60453032000174;UNIVERSIDADE FEDERAL DE SAO PAULO;MEC-UNIVERSIDADE FEDERAL DE SAO PAULO/SP;Compras;Empenho;False;PJ;22525517000137;JF COMERCIO DE MATERIAL E MEDICAMENTOS HOSPITALES LTDA;846.56;846.56;2025-08-05T00:00:00;2025-09-12T11:45:02;2025-08-05T00:00:00;2025-12-31T00:00:00;0;False
60453032000174-2-000233/2025;2025NE001150;2025;60453032000174;UNIVERSIDADE FEDERAL DE SAO PAULO;MEC-UNIVERSIDADE FEDERAL DE SAO PAULO/SP;Serviços;Empenho;False;PJ;29978236000189;ASSOCIACAO NAC DE POS GRADUACAO E PESQ CIENCIAS SOCIAIS;2475.0;2475.0;2025-09-04T00:00:00;2025-09-15T10:55:41;2025-09-04T00:00:00;2025-12-31T00:00:00;0;False
60453032000174-2-000236/2025;2025NE000844;2025;60453032000174;UNIVERSIDADE FEDERAL DE SAO PAULO;MEC-UNIVERSIDADE FEDERAL DE SAO PAULO/SP;Serviços;Empenho;False;PJ;61856571000117;COMPANHIA DE GAS DE SAO PAULO COMGAS;6891.47;6891.47;2025-08-08T00:00:00;2025-09-19T10:23:32;2025-08-08T00:00:00;2025-12-31T00:00:00;0;False
60453032000174-2-000237/2025;2025NE000974;2025;60453032000174;UNIVERSIDADE FEDERAL DE SAO PAULO;MEC-UNIVERSIDADE FEDERAL DE SAO PAULO/SP;Compras;Empenho;False;PJ;29030802000126;LBF COMERCIO E SERVICOS LTDA;4197.0;4197.0;2025-08-20T00:00:00;2025-09-19T14:26:30;2025-08-20T00:00:00;2025-12-31T00:00:00;0;False
60453032000174-2-000238/2025;2025NE000899;2025;60453032000174;UNIVERSIDADE FEDERAL DE SAO PAULO;MEC-UNIVERSIDADE FEDERAL DE SAO PAULO/SP;Compras;Empenho;False;PJ;49709450000147;DALO EMPREENDIMENTOS LTDA;3042.0;3042.0;2025-08-13T00:00:00;2025-09-19T14:48:17;2025-08-13T00:00:00;2025-12-31T00:00:00;0;False
60453032000174-2-000239/2025;2025NE000903;2025;60453032000174;UNIVERSIDADE FEDERAL DE SAO PAULO;MEC-UNIVERSIDADE FEDERAL DE SAO PAULO/SP;Compras;Empenho;False;PJ;08238866000147;ADONEX COMERCIO DE PRODUTOS PARA LABORATORIO LTDA;2340.0;2340.0;2025-08-13T00:00:00;2025-09-19T14:48:43;2025-08-13T00:00:00;2025-12-31T00:00:00;0;False
60453032000174-2-000240/2025;2025NE000980;2025;60453032000174;UNIVERSIDADE FEDERAL DE SAO PAULO;MEC-UNIVERSIDADE FEDERAL DE SAO PAULO/SP;Compras;Empenho;False;PJ;22525517000137;JF COMERCIO DE MATERIAL E MEDICAMENTOS HOSPITALES LTDA;2643.5;2643.5;2025-08-20T00:00:00;2025-09-19T15:08:24;2025-08-20T00:00:00;2025-12-31T00:00:00;0;False
60453032000174-2-000241/2025;2025NE000981;2025;60453032000174;UNIVERSIDADE FEDERAL DE SAO PAULO;MEC-UNIVERSIDADE FEDERAL DE SAO PAULO/SP;Compras;Empenho;False;PJ;32737279000187;NOEM MEDICAL IMPORTACAO E EXPORTACAO DE PRODUTOS MEDICOS-HOSPITALARES LTDA;1663.2;1663.2;2025-08-20T00:00:00;2025-09-19T15:08:43;2025-08-20T00:00:00;2025-12-31T00:00:00;0;False
60453032000174-2-000242/2025;2025NE001084;2025;60453032000174;UNIVERSIDADE FEDERAL DE SAO PAULO;MEC-UNIVERSIDADE FEDERAL DE SAO PAULO/SP;Compras;Empenho;False;PJ;52647847000166;DONADI COMERCIO E REPRESENTACAO LTDA;434.88;434.88;2025-08-28T00:00:00;2025-09-19T15:20:11;2025-08-28T00:00:00;2025-12-31T00:00:00;0;False
60453032000174-2-000243/2025;2025NE000943;2025;60453032000174;UNIVERSIDADE FEDERAL DE SAO PAULO;MEC-UNIVERSIDADE FEDERAL DE SAO PAULO/SP;Compras;Empenho;False;PJ;22627453000185;A C L ASSISTENCIA E COMERCIO DE PRODUTOS PARA LABORATORIOS LTDA;5326.2;5326.2;2025-08-18T00:00:00;2025-09-19T15:31:39;2025-08-18T00:00:00;2025-12-31T00:00:00;0;False
60453032000174-2-000244/2025;2025NE000905;2025;60453032000174;UNIVERSIDADE FEDERAL DE SAO PAULO;MEC-UNIVERSIDADE FEDERAL DE SAO PAULO/SP;Compras;Empenho;False;PJ;41856036000159;BRITMED MATERIAL MEDICO E HOSPITALAR LTDA;20400.0;20400.0;2025-08-13T00:00:00;2025-09-22T14:46:14;2025-08-13T00:00:00;2025-12-31T00:00:00;0;False
60453032000174-2-000245/2025;2025NE001028;2025;60453032000174;UNIVERSIDADE FEDERAL DE SAO PAULO;MEC-UNIVERSIDADE FEDERAL DE SAO PAULO/SP;Compras;Empenho;False;PJ;20956481000110;NEO MEDICAL COMERCIAL HOSPITALAR LTDA;108.0;108.0;2025-08-26T00:00:00;2025-09-22T15:22:02;2025-08-26T00:00:00;2025-12-31T00:00:00;0;False
60453032000174-2-000247/2025;2025NE001085;2025;60453032000174;UNIVERSIDADE FEDERAL DE SAO PAULO;MEC-UNIVERSIDADE FEDERAL DE SAO PAULO/SP;Compras;Empenho;False;PJ;37830766000103;SUPLIMIX COMERCIO LTDA;5784.0;5784.0;2025-08-28T00:00:00;2025-09-23T10:24:53;2025-08-28T00:00:00;2025-12-31T00:00:00;0;False
60453032000174-2-000248/2025;2025NE001178;2025;60453032000174;UNIVERSIDADE FEDERAL DE SAO PAULO;MEC-UNIVERSIDADE FEDERAL DE SAO PAULO/SP;Compras;Empenho;False;PJ;31953767000169;TUPIRATINS MATERIAIS ESCOLARES LTDA;4165.82;4165.82;2025-09-09T00:00:00;2025-09-23T16:15:31;2025-09-09T00:00:00;2025-12-31T00:00:00;0;False
60453032000174-2-000250/2025;2025NE000468;2025;60453032000174;UNIVERSIDADE FEDERAL DE SAO PAULO;MEC-UNIVERSIDADE FEDERAL DE SAO PAULO/SP;Compras;Empenho;False;PJ;11994821000107;LEVIT COMERCIO, IMPORTACAO  E EXPORTACAO DE PRODUTOS TECNOLOGICOS LTDA;1580.0;1580.0;2025-05-27T00:00:00;2025-09-24T13:12:05;2025-05-27T00:00:00;2025-12-31T00:00:00;0;False
60453032000174-2-000251/2025;2025NE001027;2025;60453032000174;UNIVERSIDADE FEDERAL DE SAO PAULO;MEC-UNIVERSIDADE FEDERAL DE SAO PAULO/SP;Compras;Empenho;False;PJ;30866576000288;DM COMERCIAL IMPORTADORA E EXPORTADORA DE ARTIGOS DE ILUMINACAO LTDA;68.9;68.9;2025-08-26T00:00:00;2025-09-26T11:17:51;2025-08-26T00:00:00;2025-12-31T00:00:00;0;False
60453032000174-2-000252/2025;2025NE001176;2025;60453032000174;UNIVERSIDADE FEDERAL DE SAO PAULO;MEC-UNIVERSIDADE FEDERAL DE SAO PAULO/SP;Compras;Empenho;False;PJ;00008089000132;COMPOSE TECIDOS LTDA;85.8;85.8;2025-09-09T00:00:00;2025-09-26T11:25:09;2025-09-09T00:00:00;2025-12-31T00:00:00;0;False
60453032000174-2-000254/2025;2025NE001333;2025;60453032000174;UNIVERSIDADE FEDERAL DE SAO PAULO;MEC-UNIVERSIDADE FEDERAL DE SAO PAULO/SP;Serviços;Empenho;False;PE;EXSJC0822;AMERICAN SOCIETY FOR RESEARCH;2410.0;2410.0;2025-09-23T00:00:00;2025-09-29T12:12:58;2025-09-23T00:00:00;2025-12-31T00:00:00;0;False
60453032000174-2-000255/2025;2025NE000779;2025;60453032000174;UNIVERSIDADE FEDERAL DE SAO PAULO;MEC-UNIVERSIDADE FEDERAL DE SAO PAULO/SP;Compras;Empenho;False;PJ;47853538000102;TIMO PAPER SUPRIMENTOS PARA ESCRITORIO LTDA;150.0;150.0;2025-07-29T00:00:00;2025-09-30T09:29:37;2025-07-29T00:00:00;2025-12-31T00:00:00;0;False
60453032000174-2-000256/2025;2025NE000778;2025;60453032000174;UNIVERSIDADE FEDERAL DE SAO PAULO;MEC-UNIVERSIDADE FEDERAL DE SAO PAULO/SP;Compras;Empenho;False;PJ;31953767000169;TUPIRATINS MATERIAIS ESCOLARES LTDA;1700.21;1700.21;2025-07-29T00:00:00;2025-09-30T10:09:15;2025-07-29T00:00:00;2025-12-31T00:00:00;0;False
60453032000174-2-000257/2025;2025NE000982;2025;60453032000174;UNIVERSIDADE FEDERAL DE SAO PAULO;MEC-UNIVERSIDADE FEDERAL DE SAO PAULO/SP;Compras;Empenho;False;PJ;29404097000180;OCTO FARMACO LTDA;157.84;157.84;2025-08-20T00:00:00;2025-09-30T14:07:26;2025-08-20T00:00:00;2025-12-31T00:00:00;0;False
60453032000174-2-000258/2025;2025NE000997;2025;60453032000174;UNIVERSIDADE FEDERAL DE SAO PAULO;MEC-UNIVERSIDADE FEDERAL DE SAO PAULO/SP;Compras;Empenho;False;PJ;41597891000192;EXCLUSIVA COMERCIO E SERVICOS, PAPELARIA E INFORMATICA LTDA;730.0;730.0;2025-08-21T00:00:00;2025-09-30T14:14:39;2025-08-21T00:00:00;2025-12-31T00:00:00;0;False
60453032000174-2-000259/2025;2025NE001179;2025;60453032000174;UNIVERSIDADE FEDERAL DE SAO PAULO;MEC-UNIVERSIDADE FEDERAL DE SAO PAULO/SP;Compras;Empenho;False;PJ;47853538000102;TIMO PAPER SUPRIMENTOS PARA ESCRITORIO LTDA;664.58;664.58;2025-09-09T00:00:00;2025-09-30T14:24:27;2025-09-09T00:00:00;2025-12-31T00:00:00;0;False
60453032000174-2-000260/2025;2025NE001180;2025;60453032000174;UNIVERSIDADE FEDERAL DE SAO PAULO;MEC-UNIVERSIDADE FEDERAL DE SAO PAULO/SP;Compras;Empenho;False;PJ;13328409000183;13A INFORMATICA E MATERIAL DE ESCRITORIO LTDA;9562.8;9562.8;2025-09-09T00:00:00;2025-09-30T14:32:24;2025-09-09T00:00:00;2025-12-31T00:00:00;0;False
60453032000174-2-000261/2025;2025NE001369;2025;60453032000174;UNIVERSIDADE FEDERAL DE SAO PAULO;MEC-UNIVERSIDADE FEDERAL DE SAO PAULO/SP;Serviços;Empenho;False;PJ;04436855000110;PRATA CONSULTORIA E LOCACOES LTDA;1064.0;1064.0;2025-09-25T00:00:00;2025-09-30T15:40:40;2025-09-25T00:00:00;2025-12-31T00:00:00;0;False
60453032000174-2-000262/2025;2025NE001371;2025;60453032000174;UNIVERSIDADE FEDERAL DE SAO PAULO;MEC-UNIVERSIDADE FEDERAL DE SAO PAULO/SP;Serviços;Empenho;False;PJ;04436855000110;PRATA CONSULTORIA E LOCACOES LTDA;1064.0;1064.0;2025-09-25T00:00:00;2025-09-30T15:40:42;2025-09-25T00:00:00;2025-12-31T00:00:00;0;False
60453032000174-2-000263/2025;2025NE001384;2025;60453032000174;UNIVERSIDADE FEDERAL DE SAO PAULO;MEC-UNIVERSIDADE FEDERAL DE SAO PAULO/SP;Serviços;Empenho;False;PJ;04436855000110;PRATA CONSULTORIA E LOCACOES LTDA;665.0;665.0;2025-09-26T00:00:00;2025-09-30T16:36:53;2025-09-26T00:00:00;2025-12-31T00:00:00;0;False
60453032000174-2-000264/2025;2025NE001385;2025;60453032000174;UNIVERSIDADE FEDERAL DE SAO PAULO;MEC-UNIVERSIDADE FEDERAL DE SAO PAULO/SP;Serviços;Empenho;False;PJ;04436855000110;PRATA CONSULTORIA E LOCACOES LTDA;133.0;133.0;2025-09-26T00:00:00;2025-09-30T16:40:17;2025-09-26T00:00:00;2025-12-31T00:00:00;0;False
60453032000174-2-000265/2025;2025NE001386;2025;60453032000174;UNIVERSIDADE FEDERAL DE SAO PAULO;MEC-UNIVERSIDADE FEDERAL DE SAO PAULO/SP;Serviços;Empenho;False;PJ;52800018000171;ASSOCIACAO BRASILEIRA DE ENGENHARIA QUIMICA;2000.0;2000.0;2025-09-26T00:00:00;2025-09-30T17:39:44;2025-09-26T00:00:00;2025-12-31T00:00:00;0;False
60453032000174-2-000266/2025;2025NE001034;2025;60453032000174;UNIVERSIDADE FEDERAL DE SAO PAULO;MEC-UNIVERSIDADE FEDERAL DE SAO PAULO/SP;Compras;Empenho;False;PJ;47853538000102;TIMO PAPER SUPRIMENTOS PARA ESCRITORIO LTDA;300.0;300.0;2025-08-27T00:00:00;2025-10-01T09:47:48;2025-08-27T00:00:00;2025-12-31T00:00:00;0;False
60453032000174-2-000267/2025;2025NE001133;2025;60453032000174;UNIVERSIDADE FEDERAL DE SAO PAULO;MEC-UNIVERSIDADE FEDERAL DE SAO PAULO/SP;Compras;Empenho;False;PJ;49506242000140;HALOGENN QUIMICA CIENTIFICA COMERCIO LTDA;476.25;476.25;2025-09-03T00:00:00;2025-10-01T16:24:25;2025-09-03T00:00:00;2025-12-31T00:00:00;0;False
60453032000174-2-000268/2025;2025NE001296;2025;60453032000174;UNIVERSIDADE FEDERAL DE SAO PAULO;MEC-UNIVERSIDADE FEDERAL DE SAO PAULO/SP;Compras;Empenho;False;PJ;68337658000127;SIGMA-ALDRICH BRASIL LTDA;7844.0;7844.0;2025-09-22T00:00:00;2025-10-01T16:38:28;2025-09-22T00:00:00;2025-12-31T00:00:00;0;False
60453032000174-2-000269/2025;2025NE001006;2025;60453032000174;UNIVERSIDADE FEDERAL DE SAO PAULO;MEC-UNIVERSIDADE FEDERAL DE SAO PAULO/SP;Compras;Empenho;False;PJ;19231616000100;R. DE F. TORRES MOLITERNO LTDA;15411.81;15411.81;2025-08-22T00:00:00;2025-10-02T11:54:09;2025-08-22T00:00:00;2025-12-31T00:00:00;0;False
60453032000174-2-000270/2025;2025NE001002;2025;60453032000174;UNIVERSIDADE FEDERAL DE SAO PAULO;MEC-UNIVERSIDADE FEDERAL DE SAO PAULO/SP;Compras;Empenho;False;PJ;08849206000100;DENTAL OPEN - COMERCIO DE PRODUTOS ODONTOLOGICOS LTDA.;167.52;167.52;2025-08-22T00:00:00;2025-10-02T11:54:38;2025-08-22T00:00:00;2025-12-31T00:00:00;0;False
60453032000174-2-000271/2025;2025NE001003;2025;60453032000174;UNIVERSIDADE FEDERAL DE SAO PAULO;MEC-UNIVERSIDADE FEDERAL DE SAO PAULO/SP;Compras;Empenho;False;PJ;12991532000117;JUARES LIMA DOS SANTOS;243.2;243.2;2025-08-22T00:00:00;2025-10-02T11:56:35;2025-08-22T00:00:00;2025-12-31T00:00:00;0;False
60453032000174-2-000272/2025;2025NE001001;2025;60453032000174;UNIVERSIDADE FEDERAL DE SAO PAULO;MEC-UNIVERSIDADE FEDERAL DE SAO PAULO/SP;Compras;Empenho;False;PJ;02482141000113;DENTAL BONSUCESSO PRODUTOS ODONTOLOGICOS LTDA;991.41;991.41;2025-08-22T00:00:00;2025-10-02T11:57:29;2025-08-22T00:00:00;2025-12-31T00:00:00;0;False
60453032000174-2-000273/2025;2025NE001005;2025;60453032000174;UNIVERSIDADE FEDERAL DE SAO PAULO;MEC-UNIVERSIDADE FEDERAL DE SAO PAULO/SP;Compras;Empenho;False;PJ;28857335000140;MAXIMA DENTAL IMPORTACAO, EXPORTACAO E COMERCIO DE PRODUTOS ODONTOLOGICOS LTDA;6922.18;6922.18;2025-08-22T00:00:00;2025-10-02T11:59:25;2025-08-22T00:00:00;2025-12-31T00:00:00;0;False
60453032000174-2-000275/2025;2025NE000795;2025;60453032000174;UNIVERSIDADE FEDERAL DE SAO PAULO;MEC-UNIVERSIDADE FEDERAL DE SAO PAULO/SP;Compras;Empenho;False;PJ;39373087000188;LIMP CRC COMERCIO DE PRODUTOS LTDA;230.85;230.85;2025-08-01T00:00:00;2025-10-03T10:01:33;2025-08-01T00:00:00;2025-12-31T00:00:00;0;False
60453032000174-2-000276/2025;2025NE000791;2025;60453032000174;UNIVERSIDADE FEDERAL DE SAO PAULO;MEC-UNIVERSIDADE FEDERAL DE SAO PAULO/SP;Compras;Empenho;False;PJ;54611985000110;MOB COMERCIO UTILIDADES LTDA;245.24;245.24;2025-08-01T00:00:00;2025-10-03T10:39:25;2025-08-01T00:00:00;2025-12-31T00:00:00;0;False
60453032000174-2-000277/2025;2025NE001248;2025;60453032000174;UNIVERSIDADE FEDERAL DE SAO PAULO;MEC-UNIVERSIDADE FEDERAL DE SAO PAULO/SP;Compras;Empenho;False;PJ;19410028000125;S B COMERCIO DE GAS LTDA;440.9;440.9;2025-09-18T00:00:00;2025-10-06T14:27:46;2025-09-18T00:00:00;2025-12-31T00:00:00;0;False
60453032000174-2-000278/2025;2025NE000755;2025;60453032000174;UNIVERSIDADE FEDERAL DE SAO PAULO;MEC-UNIVERSIDADE FEDERAL DE SAO PAULO/SP;Compras;Empenho;False;PJ;26061667000198;UNIAO FORTE CONTRA INCENDIO LTDA;1763.0;1763.0;2025-07-25T00:00:00;2025-10-06T15:39:31;2025-07-25T00:00:00;2025-12-31T00:00:00;0;False
60453032000174-2-000279/2025;2025NE001418;2025;60453032000174;UNIVERSIDADE FEDERAL DE SAO PAULO;MEC-UNIVERSIDADE FEDERAL DE SAO PAULO/SP;Serviços;Empenho;False;PJ;29978236000189;ASSOCIACAO NAC DE POS GRADUACAO E PESQ CIENCIAS SOCIAIS;1440.0;1440.0;2025-09-30T00:00:00;2025-10-06T16:07:05;2025-09-30T00:00:00;2025-12-31T00:00:00;0;False
60453032000174-2-000281/2025;2025NE001374;2025;60453032000174;UNIVERSIDADE FEDERAL DE SAO PAULO;MEC-UNIVERSIDADE FEDERAL DE SAO PAULO/SP;Serviços;Empenho;False;PJ;23553407000141;SOCIEDADE BRASILEIRA DE FONOAUDIOLOGIA;21392.8;21392.8;2025-09-25T00:00:00;2025-10-07T11:06:07;2025-09-25T00:00:00;2025-12-31T00:00:00;0;False
60453032000174-2-000282/2025;00138;2025;60453032000174;UNIVERSIDADE FEDERAL DE SAO PAULO;MEC-UNIVERSIDADE FEDERAL DE SAO PAULO/SP;Serviços;Termo de Adesão;False;PJ;43776517000180;COMPANHIA DE SANEAMENTO BASICO DO ESTADO DE SAO PAULO - SABESP;4482989.52;4482989.52;2025-10-07T00:00:00;2025-10-07T15:15:13;2025-10-07T00:00:00;2030-10-07T00:00:00;0;False
60453032000174-2-000283/2025;00139;2025;60453032000174;UNIVERSIDADE FEDERAL DE SAO PAULO;MEC-UNIVERSIDADE FEDERAL DE SAO PAULO/SP;Serviços;Termo de Adesão;False;PJ;61695227000193;ELETROPAULO METROPOLITANA ELETRICIDADE DE SAO PAULO S.A.;11153454.72;11153454.72;2025-10-07T00:00:00;2025-10-07T15:18:16;2025-10-07T00:00:00;2030-10-07T00:00:00;0;False
60453032000174-2-000285/2025;2025NE001192;2025;60453032000174;UNIVERSIDADE FEDERAL DE SAO PAULO;MEC-UNIVERSIDADE FEDERAL DE SAO PAULO/SP;Serviços;Empenho;False;PJ;00665448000124;ASSOCIACAO BRASILEIRA DE SAUDE COLETIVA (ABRASCO);8970.0;8970.0;2025-09-10T00:00:00;2025-10-09T11:24:22;2025-09-10T00:00:00;2025-12-31T00:00:00;0;False
60453032000174-2-000286/2025;2025NE001207;2025;60453032000174;UNIVERSIDADE FEDERAL DE SAO PAULO;MEC-UNIVERSIDADE FEDERAL DE SAO PAULO/SP;Compras;Empenho;False;PJ;35638331000136;BR VALE DISTRIBUIDORA DE PRODUTOS LTDA;745.0;745.0;2025-09-12T00:00:00;2025-10-10T09:37:56;2025-09-12T00:00:00;2025-12-31T00:00:00;0;False
60453032000174-2-000288/2025;2025NE001187;2025;60453032000174;UNIVERSIDADE FEDERAL DE SAO PAULO;MEC-UNIVERSIDADE FEDERAL DE SAO PAULO/SP;Serviços;Empenho;False;PJ;31856708000172;ANDRE A RODRIGUES ENGENHARIA;2201.8;2201.8;2025-09-10T00:00:00;2025-10-10T16:57:48;2025-09-10T00:00:00;2025-12-31T00:00:00;0;False
60453032000174-2-000289/2025;2025NE000620;2025;60453032000174;UNIVERSIDADE FEDERAL DE SAO PAULO;MEC-UNIVERSIDADE FEDERAL DE SAO PAULO/SP;Compras;Empenho;False;PJ;06153182000117;LILIANE ALARCAO DIAS CORREA RAMANZINI;950.0;950.0;2025-07-04T00:00:00;2025-10-13T09:25:54;2025-07-04T00:00:00;2025-12-31T00:00:00;0;False
60453032000174-2-000290/2025;2025NE000945;2025;60453032000174;UNIVERSIDADE FEDERAL DE SAO PAULO;MEC-UNIVERSIDADE FEDERAL DE SAO PAULO/SP;Compras;Empenho;False;PJ;53568001000101;EVEN COMERCIAL LTDA;1817.02;1817.02;2025-08-18T00:00:00;2025-10-13T11:28:14;2025-08-18T00:00:00;2025-12-31T00:00:00;0;False
60453032000174-2-000291/2025;2025NE000938;2025;60453032000174;UNIVERSIDADE FEDERAL DE SAO PAULO;MEC-UNIVERSIDADE FEDERAL DE SAO PAULO/SP;Compras;Empenho;False;PJ;53568001000101;EVEN COMERCIAL LTDA;901.44;901.44;2025-08-18T00:00:00;2025-10-13T11:28:16;2025-08-18T00:00:00;2025-12-31T00:00:00;0;False
60453032000174-2-000292/2025;2025NE001279;2025;60453032000174;UNIVERSIDADE FEDERAL DE SAO PAULO;MEC-UNIVERSIDADE FEDERAL DE SAO PAULO/SP;Compras;Empenho;False;PJ;03812429000171;POLYSUTURE INDUSTRIA E COMERCIO LTDA;3256.8;3256.8;2025-09-19T00:00:00;2025-10-13T11:40:10;2025-09-19T00:00:00;2025-12-31T00:00:00;0;False
60453032000174-2-000293/2025;2025NE001294;2025;60453032000174;UNIVERSIDADE FEDERAL DE SAO PAULO;MEC-UNIVERSIDADE FEDERAL DE SAO PAULO/SP;Compras;Empenho;False;PJ;02661790000181;SARSTEDT LTDA;2050.0;2050.0;2025-09-22T00:00:00;2025-10-13T11:50:13;2025-09-22T00:00:00;2025-12-31T00:00:00;0;False
60453032000174-2-000294/2025;2025NE000590;2025;60453032000174;UNIVERSIDADE FEDERAL DE SAO PAULO;MEC-UNIVERSIDADE FEDERAL DE SAO PAULO/SP;Serviços;Empenho;False;PJ;00333193000100;EDUDATA INFORMATICA S/S LTDA;9438.0;9438.0;2025-07-02T00:00:00;2025-10-13T12:02:58;2025-07-02T00:00:00;2025-12-31T00:00:00;0;False
60453032000174-2-000295/2025;2025NE000884;2025;60453032000174;UNIVERSIDADE FEDERAL DE SAO PAULO;MEC-UNIVERSIDADE FEDERAL DE SAO PAULO/SP;Compras;Empenho;False;PJ;37104931000140;PALLET RIO INDUSTRIA E COMERCIO LTDA;3672.9;3672.9;2025-08-12T00:00:00;2025-10-13T12:07:02;2025-08-12T00:00:00;2025-12-31T00:00:00;0;False
60453032000174-2-000296/2025;2025NE001475;2025;60453032000174;UNIVERSIDADE FEDERAL DE SAO PAULO;MEC-UNIVERSIDADE FEDERAL DE SAO PAULO/SP;Serviços;Empenho;False;PJ;07755256000158;ASSOCIACAO BRASILEIRA DO SONO;1640.0;1640.0;2025-10-03T00:00:00;2025-10-13T15:08:27;2025-10-03T00:00:00;2025-12-31T00:00:00;0;False
60453032000174-2-000298/2025;2025NE000933;2025;60453032000174;UNIVERSIDADE FEDERAL DE SAO PAULO;MEC-UNIVERSIDADE FEDERAL DE SAO PAULO/SP;Serviços;Empenho;False;PJ;61695227000193;ELETROPAULO METROPOLITANA ELETRICIDADE DE SAO PAULO S.A.;472039.27;472039.27;2025-08-18T00:00:00;2025-10-14T09:50:37;2025-08-18T00:00:00;2025-12-31T00:00:00;0;False
60453032000174-2-000299/2025;2025NE000935;2025;60453032000174;UNIVERSIDADE FEDERAL DE SAO PAULO;MEC-UNIVERSIDADE FEDERAL DE SAO PAULO/SP;Serviços;Empenho;False;PJ;61695227000193;ELETROPAULO METROPOLITANA ELETRICIDADE DE SAO PAULO S.A.;419788.55;419788.55;2025-08-18T00:00:00;2025-10-14T09:50:38;2025-08-18T00:00:00;2025-12-31T00:00:00;0;False
60453032000174-2-000300/2025;2025NE000782;2025;60453032000174;UNIVERSIDADE FEDERAL DE SAO PAULO;MEC-UNIVERSIDADE FEDERAL DE SAO PAULO/SP;Serviços;Empenho;False;PJ;29532264000178;SOCIEDADE BRASILEIRA DE COMPUTACAO;450.0;450.0;2025-07-29T00:00:00;2025-10-14T12:55:43;2025-07-29T00:00:00;2025-12-31T00:00:00;0;False
60453032000174-2-000301/2025;2025NE001102;2025;60453032000174;UNIVERSIDADE FEDERAL DE SAO PAULO;MEC-UNIVERSIDADE FEDERAL DE SAO PAULO/SP;Serviços;Empenho;False;PJ;29532264000178;SOCIEDADE BRASILEIRA DE COMPUTACAO;825.0;825.0;2025-08-29T00:00:00;2025-10-15T09:57:28;2025-08-29T00:00:00;2025-12-31T00:00:00;0;False
60453032000174-2-000302/2025;2025NE001293;2025;60453032000174;UNIVERSIDADE FEDERAL DE SAO PAULO;MEC-UNIVERSIDADE FEDERAL DE SAO PAULO/SP;Compras;Empenho;False;PJ;68337658000127;SIGMA-ALDRICH BRASIL LTDA;3242.0;3242.0;2025-09-22T00:00:00;2025-10-15T17:18:52;2025-09-22T00:00:00;2025-12-31T00:00:00;0;False
60453032000174-2-000303/2025;2025NE001295;2025;60453032000174;UNIVERSIDADE FEDERAL DE SAO PAULO;MEC-UNIVERSIDADE FEDERAL DE SAO PAULO/SP;Compras;Empenho;False;PJ;68337658000127;SIGMA-ALDRICH BRASIL LTDA;3800.0;3800.0;2025-09-22T00:00:00;2025-10-15T17:19:08;2025-09-22T00:00:00;2025-12-31T00:00:00;0;False
60453032000174-2-000304/2025;2025NE000994;2025;60453032000174;UNIVERSIDADE FEDERAL DE SAO PAULO;MEC-UNIVERSIDADE FEDERAL DE SAO PAULO/SP;Compras;Empenho;False;PJ;30500671000182;LA STOR COMERCIO E SERVICOS LTDA;2277.0;2277.0;2025-08-21T00:00:00;2025-10-15T17:32:14;2025-08-21T00:00:00;2025-12-31T00:00:00;0;False
60453032000174-2-000306/2025;2025NE001401;2025;60453032000174;UNIVERSIDADE FEDERAL DE SAO PAULO;MEC-UNIVERSIDADE FEDERAL DE SAO PAULO/SP;Serviços;Empenho;False;PJ;29532264000178;SOCIEDADE BRASILEIRA DE COMPUTACAO;1225.0;1225.0;2025-09-29T00:00:00;2025-10-16T10:00:51;2025-09-29T00:00:00;2025-12-31T00:00:00;0;False
60453032000174-2-000307/2025;2025NE001210;2025;60453032000174;UNIVERSIDADE FEDERAL DE SAO PAULO;MEC-UNIVERSIDADE FEDERAL DE SAO PAULO/SP;Serviços;Empenho;False;PJ;30126526000183;EXCELENCIA SANEAMENTO LTDA;20003.34;20003.34;2025-09-12T00:00:00;2025-10-16T11:10:31;2025-09-12T00:00:00;2025-12-31T00:00:00;0;False
60453032000174-2-000308/2025;2025NE000912;2025;60453032000174;UNIVERSIDADE FEDERAL DE SAO PAULO;MEC-UNIVERSIDADE FEDERAL DE SAO PAULO/SP;Compras;Empenho;False;PJ;72949449000101;INTERPRISE INSTRUMENTOS ANALITICOS LTDA;4800.0;4800.0;2025-08-14T00:00:00;2025-10-16T13:52:20;2025-08-14T00:00:00;2025-12-31T00:00:00;0;False
60453032000174-2-000310/2025;2025NE001011;2025;60453032000174;UNIVERSIDADE FEDERAL DE SAO PAULO;MEC-UNIVERSIDADE FEDERAL DE SAO PAULO/SP;Serviços;Empenho;False;PJ;60215282000176;SOCIEDADE BRASILEIRA DE PESQUISA OPERACIONAL;484.0;484.0;2025-08-25T00:00:00;2025-10-16T16:35:26;2025-08-25T00:00:00;2025-12-31T00:00:00;0;False
60453032000174-2-000312/2025;2025NE001535;2025;60453032000174;UNIVERSIDADE FEDERAL DE SAO PAULO;MEC-UNIVERSIDADE FEDERAL DE SAO PAULO/SP;Serviços;Empenho;False;PJ;61856571000117;COMPANHIA DE GAS DE SAO PAULO COMGAS;7971.87;7971.87;2025-10-15T00:00:00;2025-10-17T15:49:01;2025-10-15T00:00:00;2025-12-31T00:00:00;0;False
60453032000174-2-000313/2025;2025NE000932;2025;60453032000174;UNIVERSIDADE FEDERAL DE SAO PAULO;MEC-UNIVERSIDADE FEDERAL DE SAO PAULO/SP;Serviços;Empenho;False;PJ;43776517000180;COMPANHIA DE SANEAMENTO BASICO DO ESTADO DE SAO PAULO - SABESP;433916.57;433916.57;2025-08-18T00:00:00;2025-10-20T13:27:20;2025-08-18T00:00:00;2025-12-31T00:00:00;0;False
60453032000174-2-000314/2025;2025NE000838;2025;60453032000174;UNIVERSIDADE FEDERAL DE SAO PAULO;MEC-UNIVERSIDADE FEDERAL DE SAO PAULO/SP;Serviços;Empenho;False;PJ;00333193000100;EDUDATA INFORMATICA S/S LTDA;1780.0;1780.0;2025-08-07T00:00:00;2025-10-20T14:58:19;2025-08-07T00:00:00;2025-12-31T00:00:00;0;False
60453032000174-2-000315/2025;2025NE001501;2025;60453032000174;UNIVERSIDADE FEDERAL DE SAO PAULO;MEC-UNIVERSIDADE FEDERAL DE SAO PAULO/SP;Serviços;Empenho;False;PJ;52201456000113;LEICA DO BRASIL IMPORTACAO E COMERCIO LTDA.;2020.0;2020.0;2025-10-09T00:00:00;2025-10-20T15:04:16;2025-10-09T00:00:00;2025-12-31T00:00:00;0;False
60453032000174-2-000316/2025;2025NE001502;2025;60453032000174;UNIVERSIDADE FEDERAL DE SAO PAULO;MEC-UNIVERSIDADE FEDERAL DE SAO PAULO/SP;Compras;Empenho;False;PJ;52201456000113;LEICA DO BRASIL IMPORTACAO E COMERCIO LTDA.;288.96;288.96;2025-10-09T00:00:00;2025-10-20T15:04:29;2025-10-09T00:00:00;2025-12-31T00:00:00;0;False
60453032000174-2-000317/2025;2025NE001503;2025;60453032000174;UNIVERSIDADE FEDERAL DE SAO PAULO;MEC-UNIVERSIDADE FEDERAL DE SAO PAULO/SP;Serviços;Empenho;False;PJ;08938670000165;DAVI NOBUO ITINOSEKI;4930.0;4930.0;2025-10-09T00:00:00;2025-10-20T15:04:43;2025-10-09T00:00:00;2025-12-31T00:00:00;0;False
60453032000174-2-000318/2025;2025NE001504;2025;60453032000174;UNIVERSIDADE FEDERAL DE SAO PAULO;MEC-UNIVERSIDADE FEDERAL DE SAO PAULO/SP;Serviços;Empenho;False;PJ;63067904000235;LIFE TECHNOLOGIES BRASIL COMERCIO E INDUSTRIA DE PRODUTOS PARA BIOTECNOLOGIA LTD;4198.02;4198.02;2025-10-09T00:00:00;2025-10-20T15:04:55;2025-10-09T00:00:00;2025-12-31T00:00:00;0;False
60453032000174-2-000319/2025;2025NE001010;2025;60453032000174;UNIVERSIDADE FEDERAL DE SAO PAULO;MEC-UNIVERSIDADE FEDERAL DE SAO PAULO/SP;Serviços;Empenho;False;PJ;43996719000137;ASSOCIACAO BRASILEIRA DE EDUCACAO EM ENGENHARIA;900.0;900.0;2025-08-25T00:00:00;2025-10-20T15:05:14;2025-08-25T00:00:00;2025-12-31T00:00:00;0;False
60453032000174-2-000320/2025;2025NE001171;2025;60453032000174;UNIVERSIDADE FEDERAL DE SAO PAULO;MEC-UNIVERSIDADE FEDERAL DE SAO PAULO/SP;Compras;Empenho;False;PJ;31953767000169;TUPIRATINS MATERIAIS ESCOLARES LTDA;1452.15;1452.15;2025-09-08T00:00:00;2025-10-20T15:11:04;2025-09-08T00:00:00;2025-12-31T00:00:00;0;False
60453032000174-2-000321/2025;2025NE001487;2025;60453032000174;UNIVERSIDADE FEDERAL DE SAO PAULO;MEC-UNIVERSIDADE FEDERAL DE SAO PAULO/SP;Serviços;Empenho;False;PJ;01035382000151;ATOMED PRODUTOS MEDICOS E DE AUXILIO HUMANO LTDA;6552.59;6552.59;2025-10-07T00:00:00;2025-10-20T15:14:11;2025-10-07T00:00:00;2025-12-31T00:00:00;0;False
60453032000174-2-000322/2025;2025NE001488;2025;60453032000174;UNIVERSIDADE FEDERAL DE SAO PAULO;MEC-UNIVERSIDADE FEDERAL DE SAO PAULO/SP;Serviços;Empenho;False;PJ;05207574000159;ACUSTICA TECHNOAUDIO COMERCIO E SERVICOS LTDA.;4220.0;4220.0;2025-10-07T00:00:00;2025-10-20T15:15:05;2025-10-07T00:00:00;2025-12-31T00:00:00;0;False
60453032000174-2-000323/2025;2025NE001489;2025;60453032000174;UNIVERSIDADE FEDERAL DE SAO PAULO;MEC-UNIVERSIDADE FEDERAL DE SAO PAULO/SP;Serviços;Empenho;False;PJ;67774679000147;NOVA ANALITICA IMPORTACAO E EXPORTACAO LTDA;7299.54;7299.54;2025-10-07T00:00:00;2025-10-20T15:19:13;2025-10-07T00:00:00;2025-12-31T00:00:00;0;False
60453032000174-2-000324/2025;2025NE001521;2025;60453032000174;UNIVERSIDADE FEDERAL DE SAO PAULO;MEC-UNIVERSIDADE FEDERAL DE SAO PAULO/SP;Serviços;Empenho;False;PJ;20251882000175;FORUM NACIONAL DE PRO-REITORES DE PESQUISA E POS-GRADUACAO DAS INSTITUICOES DE E;1500.0;1500.0;2025-10-13T00:00:00;2025-10-22T14:37:31;2025-10-13T00:00:00;2025-12-31T00:00:00;0;False
60453032000174-2-000328/2025;2025NE000919;2025;60453032000174;UNIVERSIDADE FEDERAL DE SAO PAULO;MEC-UNIVERSIDADE FEDERAL DE SAO PAULO/SP;Compras;Empenho;False;PJ;54835574000109;EXTINTORES BRASIL LTDA;7867.0;7867.0;2025-08-15T00:00:00;2025-10-24T20:03:52;2025-08-15T00:00:00;2025-12-31T00:00:00;0;False
60453032000174-2-000329/2025;2025NE001208;2025;60453032000174;UNIVERSIDADE FEDERAL DE SAO PAULO;MEC-UNIVERSIDADE FEDERAL DE SAO PAULO/SP;Compras;Empenho;False;PJ;55674216000124;TW SOLUCOES E COMERCIO LTDA;4440.0;4440.0;2025-09-12T00:00:00;2025-10-24T20:14:16;2025-09-12T00:00:00;2025-12-31T00:00:00;0;False
60453032000174-2-000330/2025;2025NE001277;2025;60453032000174;UNIVERSIDADE FEDERAL DE SAO PAULO;MEC-UNIVERSIDADE FEDERAL DE SAO PAULO/SP;Compras;Empenho;False;PJ;30351303000110;BERLIN DISTRIBUIDORA DE MATERIAIS ELETRICOS LTDA.;9824.4;9824.4;2025-09-19T00:00:00;2025-10-27T10:31:29;2025-09-19T00:00:00;2025-12-31T00:00:00;0;False
60453032000174-2-000331/2025;2025NE000567;2025;60453032000174;UNIVERSIDADE FEDERAL DE SAO PAULO;MEC-UNIVERSIDADE FEDERAL DE SAO PAULO/SP;Serviços;Empenho;False;PJ;08018281000111;DATATERRA ENGENHARIA PROJETOS E CONSULTORIA LTDA;16250.0;16250.0;2025-06-23T00:00:00;2025-10-28T10:39:03;2025-06-23T00:00:00;2025-12-31T00:00:00;0;False
60453032000174-2-000333/2025;2025NE000995;2025;60453032000174;UNIVERSIDADE FEDERAL DE SAO PAULO;MEC-UNIVERSIDADE FEDERAL DE SAO PAULO/SP;Compras;Empenho;False;PJ;40223106000179;DARLU INDUSTRIA TEXTIL LTDA;755.76;755.76;2025-08-21T00:00:00;2025-10-29T17:21:08;2025-08-21T00:00:00;2025-12-31T00:00:00;0;False
60453032000174-2-000334/2025;2025NE001490;2025;60453032000174;UNIVERSIDADE FEDERAL DE SAO PAULO;MEC-UNIVERSIDADE FEDERAL DE SAO PAULO/SP;Compras;Empenho;False;PJ;93741726000166;EUROIMMUN BRASIL MEDICINA DIAGNOSTICA LTDA;5699.54;5699.54;2025-10-07T00:00:00;2025-10-29T17:40:01;2025-10-07T00:00:00;2025-12-31T00:00:00;0;False
60453032000174-2-000335/2025;2025NE001550;2025;60453032000174;UNIVERSIDADE FEDERAL DE SAO PAULO;MEC-UNIVERSIDADE FEDERAL DE SAO PAULO/SP;Compras;Empenho;False;PJ;68337658000127;SIGMA-ALDRICH BRASIL LTDA;1000.0;1000.0;2025-10-16T00:00:00;2025-10-29T17:49:32;2025-10-16T00:00:00;2025-12-31T00:00:00;0;False
60453032000174-2-000336/2025;2025NE001383;2025;60453032000174;UNIVERSIDADE FEDERAL DE SAO PAULO;MEC-UNIVERSIDADE FEDERAL DE SAO PAULO/SP;Serviços;Empenho;False;PJ;03278757000130;SBRA- SOCIEDADE BRASILEIRA DE REPRODUCAO ASSISTIDA;1926.0;1926.0;2025-09-26T00:00:00;2025-10-30T11:03:58;2025-09-26T00:00:00;2025-12-31T00:00:00;0;False
60453032000174-2-000337/2025;00154;2025;60453032000174;UNIVERSIDADE FEDERAL DE SAO PAULO;MEC-UNIVERSIDADE FEDERAL DE SAO PAULO/SP;Serviços;Termo de Adesão;False;PJ;61856571000117;COMPANHIA DE GAS DE SAO PAULO COMGAS;67736.64;67736.64;2025-10-30T00:00:00;2025-10-30T15:24:27;2025-10-30T00:00:00;2027-10-30T00:00:00;4;False
60453032000174-2-000338/2025;2025NE001007;2025;60453032000174;UNIVERSIDADE FEDERAL DE SAO PAULO;MEC-UNIVERSIDADE FEDERAL DE SAO PAULO/SP;Compras;Empenho;False;PJ;12416810000102;ROFEMAX IMPORTADORA DE EMBALAGENS LTDA;5658.22;5658.22;2025-08-22T00:00:00;2025-10-31T12:09:31;2025-08-22T00:00:00;2025-12-31T00:00:00;0;False
60453032000174-2-000339/2025;2025NE001638;2025;60453032000174;UNIVERSIDADE FEDERAL DE SAO PAULO;MEC-UNIVERSIDADE FEDERAL DE SAO PAULO/SP;Compras;Empenho;False;PJ;45289108000184;45.289.108 JOSE HENRIQUE CHAIM;857.5;857.5;2025-10-22T00:00:00;2025-10-31T12:22:20;2025-10-22T00:00:00;2025-12-31T00:00:00;0;False
60453032000174-2-000340/2025;2025NE001482;2025;60453032000174;UNIVERSIDADE FEDERAL DE SAO PAULO;MEC-UNIVERSIDADE FEDERAL DE SAO PAULO/SP;Serviços;Empenho;False;PJ;00714403000100;ELO CONSULTORIA EMPRESARIAL E PRODUCAO DE EVENTOS LTDA;2890.0;2890.0;2025-10-07T00:00:00;2025-10-31T15:40:18;2025-10-07T00:00:00;2025-12-31T00:00:00;0;False
60453032000174-2-000343/2025;2025NE001218;2025;60453032000174;UNIVERSIDADE FEDERAL DE SAO PAULO;MEC-UNIVERSIDADE FEDERAL DE SAO PAULO/SP;Compras;Empenho;False;PJ;26061667000198;UNIAO FORTE CONTRA INCENDIO LTDA;886.0;886.0;2025-09-15T00:00:00;2025-11-03T15:09:28;2025-09-15T00:00:00;2025-12-31T00:00:00;0;False
60453032000174-2-000345/2025;2025NE000996;2025;60453032000174;UNIVERSIDADE FEDERAL DE SAO PAULO;MEC-UNIVERSIDADE FEDERAL DE SAO PAULO/SP;Compras;Empenho;False;PJ;78796778000146;G DE BORBA - MARISKAP;1893.19;1893.19;2025-08-21T00:00:00;2025-11-05T16:20:15;2025-08-21T00:00:00;2025-12-31T00:00:00;0;False
60453032000174-2-000346/2025;2025NE001297;2025;60453032000174;UNIVERSIDADE FEDERAL DE SAO PAULO;MEC-UNIVERSIDADE FEDERAL DE SAO PAULO/SP;Compras;Empenho;False;PJ;68337658000127;SIGMA-ALDRICH BRASIL LTDA;4012.0;4012.0;2025-09-22T00:00:00;2025-11-05T16:38:59;2025-09-22T00:00:00;2025-12-31T00:00:00;0;False
60453032000174-2-000347/2025;2025NE001531;2025;60453032000174;UNIVERSIDADE FEDERAL DE SAO PAULO;MEC-UNIVERSIDADE FEDERAL DE SAO PAULO/SP;Compras;Empenho;False;PJ;38305565000150;A C BEGALLI;206.4;206.4;2025-10-14T00:00:00;2025-11-05T16:49:46;2025-10-14T00:00:00;2025-12-31T00:00:00;0;False
60453032000174-2-000348/2025;2025NE001620;2025;60453032000174;UNIVERSIDADE FEDERAL DE SAO PAULO;MEC-UNIVERSIDADE FEDERAL DE SAO PAULO/SP;Compras;Empenho;False;PJ;55990143000180;APTA BIOTECH IMPORTACAO E COMERCIO DE PRODUTOS PARA LABORATORIO LTDA;840.0;840.0;2025-10-21T00:00:00;2025-11-05T17:00:59;2025-10-21T00:00:00;2025-12-31T00:00:00;0;False
60453032000174-2-000349/2025;2025NE001615;2025;60453032000174;UNIVERSIDADE FEDERAL DE SAO PAULO;MEC-UNIVERSIDADE FEDERAL DE SAO PAULO/SP;Compras;Empenho;False;PJ;01915071000268;INTECQ - INSTITUTO DE PESQUISA TECNOLOGICA E CONTROLE DE QUALIDADE LTDA;380.0;380.0;2025-10-21T00:00:00;2025-11-05T17:01:01;2025-10-21T00:00:00;2025-12-31T00:00:00;0;False
60453032000174-2-000350/2025;2025NE001376;2025;60453032000174;UNIVERSIDADE FEDERAL DE SAO PAULO;MEC-UNIVERSIDADE FEDERAL DE SAO PAULO/SP;Serviços;Empenho;False;PJ;03053589000184;ASSOCIACAO TECNICO CIENTIFICA PAUL EHRLICH - APABCAM;3990.0;3990.0;2025-09-25T00:00:00;2025-11-06T17:49:02;2025-09-25T00:00:00;2025-12-31T00:00:00;0;False
60453032000174-2-000353/2025;2025NE001029;2025;60453032000174;UNIVERSIDADE FEDERAL DE SAO PAULO;MEC-UNIVERSIDADE FEDERAL DE SAO PAULO/SP;Compras;Empenho;False;PJ;37859554000159;VICENZZOTTI & SILVA LTDA;457.16;457.16;2025-08-26T00:00:00;2025-11-10T11:21:41;2025-08-26T00:00:00;2025-12-31T00:00:00;0;False
60453032000174-2-000354/2025;2025NE001610;2025;60453032000174;UNIVERSIDADE FEDERAL DE SAO PAULO;MEC-UNIVERSIDADE FEDERAL DE SAO PAULO/SP;Compras;Empenho;False;PJ;52201456000113;LEICA DO BRASIL IMPORTACAO E COMERCIO LTDA.;3999.01;3999.01;2025-10-20T00:00:00;2025-11-10T11:41:41;2025-10-20T00:00:00;2025-12-31T00:00:00;0;False
60453032000174-2-000355/2025;2025NE001612;2025;60453032000174;UNIVERSIDADE FEDERAL DE SAO PAULO;MEC-UNIVERSIDADE FEDERAL DE SAO PAULO/SP;Compras;Empenho;False;PJ;21407123000111;CELLCO BIOTEC DO BRASIL LTDA.;1823.5;1823.5;2025-10-20T00:00:00;2025-11-10T11:50:50;2025-10-20T00:00:00;2025-12-31T00:00:00;0;False
60453032000174-2-000356/2025;2025NE001669;2025;60453032000174;UNIVERSIDADE FEDERAL DE SAO PAULO;MEC-UNIVERSIDADE FEDERAL DE SAO PAULO/SP;Compras;Empenho;False;PJ;42370926000119;SPLAB2 COMERCIO DE PRODUTOS LA;10157.9;10157.9;2025-10-29T00:00:00;2025-11-10T12:07:03;2025-10-29T00:00:00;2025-12-31T00:00:00;0;False
60453032000174-2-000358/2025;2025NE001649;2025;60453032000174;UNIVERSIDADE FEDERAL DE SAO PAULO;MEC-UNIVERSIDADE FEDERAL DE SAO PAULO/SP;Compras;Empenho;False;PJ;55991204000123;55.991.204 NATALIA OLIVEIRA DA SILVA;8032.69;8032.69;2025-10-23T00:00:00;2025-11-11T10:40:22;2025-10-23T00:00:00;2025-12-31T00:00:00;0;False
60453032000174-2-000359/2025;2025NE001206;2025;60453032000174;UNIVERSIDADE FEDERAL DE SAO PAULO;MEC-UNIVERSIDADE FEDERAL DE SAO PAULO/SP;Compras;Empenho;False;PJ;55056487000116;55.056.487 GEOVANY SEBASTIAN VALADARES DOS SANTOS;1735.0;1735.0;2025-09-12T00:00:00;2025-11-12T10:16:50;2025-09-12T00:00:00;2025-12-31T00:00:00;0;False
60453032000174-2-000361/2025;2025NE001839;2025;60453032000174;UNIVERSIDADE FEDERAL DE SAO PAULO;MEC-UNIVERSIDADE FEDERAL DE SAO PAULO/SP;Compras;Empenho;False;PJ;53500802000127;R3 COMPANY SOLUCOES INTEGRADAS LTDA;1948.06;1948.06;2025-11-10T00:00:00;2025-11-14T15:07:46;2025-11-10T00:00:00;2025-12-31T00:00:00;0;False
60453032000174-2-000363/2025;2025NE001647;2025;60453032000174;UNIVERSIDADE FEDERAL DE SAO PAULO;MEC-UNIVERSIDADE FEDERAL DE SAO PAULO/SP;Compras;Empenho;False;PJ;07589051000140;GAMA - COMERCIO DE EQUIPAMENTOS PARA INFORMATICA LTDA;1098.54;1098.54;2025-10-23T00:00:00;2025-11-18T17:55:30;2025-10-23T00:00:00;2025-12-31T00:00:00;0;False
60453032000174-2-000364/2025;2025NE001643;2025;60453032000174;UNIVERSIDADE FEDERAL DE SAO PAULO;MEC-UNIVERSIDADE FEDERAL DE SAO PAULO/SP;Compras;Empenho;False;PJ;43964834000120;FAM COMERCIO DE TINTAS LTDA;231.15;231.15;2025-10-23T00:00:00;2025-11-18T17:55:31;2025-10-23T00:00:00;2025-12-31T00:00:00;0;False
60453032000174-2-000365/2025;2025NE001668;2025;60453032000174;UNIVERSIDADE FEDERAL DE SAO PAULO;MEC-UNIVERSIDADE FEDERAL DE SAO PAULO/SP;Compras;Empenho;False;PJ;53994497000177;UNISCIENCE DO BRASIL INDUSTRIA E COMERCIO DE EQUIPAMENTOS PARA LABORATORIO LTDA.;1647.27;1647.27;2025-10-29T00:00:00;2025-11-18T17:55:32;2025-10-29T00:00:00;2025-12-31T00:00:00;0;False
60453032000174-2-000366/2025;2025NE000401;2025;60453032000174;UNIVERSIDADE FEDERAL DE SAO PAULO;MEC-UNIVERSIDADE FEDERAL DE SAO PAULO/SP;Serviços;Empenho;False;PJ;12560643000179;FL CONTROLE DE PRAGAS E SERVICO GERAIS LTDA;4643.0;4643.0;2025-05-05T00:00:00;2025-11-19T11:46:50;2025-05-05T00:00:00;2025-12-31T00:00:00;0;False
60453032000174-2-000367/2025;2025NE000940;2025;60453032000174;UNIVERSIDADE FEDERAL DE SAO PAULO;MEC-UNIVERSIDADE FEDERAL DE SAO PAULO/SP;Compras;Empenho;False;PJ;45812327000104;SOLABOR PRODUTOS PARA LABORATORIOS LTDA;480.0;480.0;2025-08-18T00:00:00;2025-11-19T18:07:34;2025-08-18T00:00:00;2025-12-31T00:00:00;0;False
60453032000174-2-000368/2025;2025NE001025;2025;60453032000174;UNIVERSIDADE FEDERAL DE SAO PAULO;MEC-UNIVERSIDADE FEDERAL DE SAO PAULO/SP;Compras;Empenho;False;PJ;02649090000171;MAYKI MEDICAL LTDA;489.0;489.0;2025-08-26T00:00:00;2025-11-19T18:52:06;2025-08-26T00:00:00;2025-12-31T00:00:00;0;False
60453032000174-2-000369/2025;2025NE001624;2025;60453032000174;UNIVERSIDADE FEDERAL DE SAO PAULO;MEC-UNIVERSIDADE FEDERAL DE SAO PAULO/SP;Compras;Empenho;False;PJ;21407123000111;CELLCO BIOTEC DO BRASIL LTDA.;6428.43;6428.43;2025-10-21T00:00:00;2025-11-19T19:07:56;2025-10-21T00:00:00;2025-12-31T00:00:00;0;False
60453032000174-2-000370/2025;2025NE001823;2025;60453032000174;UNIVERSIDADE FEDERAL DE SAO PAULO;MEC-UNIVERSIDADE FEDERAL DE SAO PAULO/SP;Compras;Empenho;False;PJ;17791755000154;IDPROMO COMERCIAL LTDA;1230.0;1230.0;2025-11-06T00:00:00;2025-11-19T20:53:09;2025-11-06T00:00:00;2025-12-31T00:00:00;0;False
60453032000174-2-000371/2025;2025NE001653;2025;60453032000174;UNIVERSIDADE FEDERAL DE SAO PAULO;MEC-UNIVERSIDADE FEDERAL DE SAO PAULO/SP;Compras;Empenho;False;PJ;35638331000136;BR VALE DISTRIBUIDORA DE PRODUTOS LTDA;92.5;92.5;2025-10-23T00:00:00;2025-11-21T09:40:39;2025-10-23T00:00:00;2025-12-31T00:00:00;0;False
60453032000174-2-000372/2025;2025NE001891;2025;60453032000174;UNIVERSIDADE FEDERAL DE SAO PAULO;MEC-UNIVERSIDADE FEDERAL DE SAO PAULO/SP;Serviços;Empenho;False;PJ;54152236000172;ASSOCIACAO NACIONAL DE POS-GRADUACAO EM FILOSOFIA;2500.0;2500.0;2025-11-17T00:00:00;2025-11-21T10:13:40;2025-11-17T00:00:00;2025-12-31T00:00:00;0;False
60453032000174-2-000379/2025;2025NE001756;2025;60453032000174;UNIVERSIDADE FEDERAL DE SAO PAULO;MEC-UNIVERSIDADE FEDERAL DE SAO PAULO/SP;Compras;Empenho;False;PJ;13328409000183;SIXPEL DISTRIBUIDORA LTDA;4922.0;4922.0;2025-11-04T00:00:00;2025-11-24T19:12:39;2025-11-04T00:00:00;2025-12-31T00:00:00;0;False
60453032000174-2-000381/2025;2025NE000615;2025;60453032000174;UNIVERSIDADE FEDERAL DE SAO PAULO;MEC-UNIVERSIDADE FEDERAL DE SAO PAULO/SP;Serviços;Empenho;False;PJ;08018281000111;DATATERRA ENGENHARIA PROJETOS E CONSULTORIA LTDA;3240.0;3240.0;2025-07-04T00:00:00;2025-11-25T17:27:01;2025-07-04T00:00:00;2025-12-31T00:00:00;0;False
60453032000174-2-000382/2025;2025NE001832;2025;60453032000174;UNIVERSIDADE FEDERAL DE SAO PAULO;MEC-UNIVERSIDADE FEDERAL DE SAO PAULO/SP;Serviços;Empenho;False;PJ;44075687000108;FEDERACAO BRASILEIRA DE ASSOCIACOES DE BIBLIOTECARIOS, CIENTISTAS DA INFORMACAO ;9000.0;9000.0;2025-11-07T00:00:00;2025-11-26T15:55:44;2025-11-07T00:00:00;2025-12-31T00:00:00;0;False
60453032000174-2-000383/2025;2025NE001648;2025;60453032000174;UNIVERSIDADE FEDERAL DE SAO PAULO;MEC-UNIVERSIDADE FEDERAL DE SAO PAULO/SP;Compras;Empenho;False;PJ;57630456000152;POLIANE CRISTINA MOTA;762.0;762.0;2025-10-23T00:00:00;2025-11-26T19:37:57;2025-10-23T00:00:00;2025-12-31T00:00:00;0;False
60453032000174-2-000384/2025;2025NE001651;2025;60453032000174;UNIVERSIDADE FEDERAL DE SAO PAULO;MEC-UNIVERSIDADE FEDERAL DE SAO PAULO/SP;Compras;Empenho;False;PJ;09423106000172;LFV CARTUCHOS E TONERS LTDA;5463.99;5463.99;2025-10-23T00:00:00;2025-11-26T19:49:19;2025-10-23T00:00:00;2025-12-31T00:00:00;0;False
60453032000174-2-000385/2025;2025NE001715;2025;60453032000174;UNIVERSIDADE FEDERAL DE SAO PAULO;MEC-UNIVERSIDADE FEDERAL DE SAO PAULO/SP;Compras;Empenho;False;PJ;55990143000180;APTA BIOTECH IMPORTACAO E COMERCIO DE PRODUTOS PARA LABORATORIO LTDA;3770.0;3770.0;2025-11-03T00:00:00;2025-11-26T20:00:49;2025-11-03T00:00:00;2025-12-31T00:00:00;0;False
60453032000174-2-000386/2025;2025NE001825;2025;60453032000174;UNIVERSIDADE FEDERAL DE SAO PAULO;MEC-UNIVERSIDADE FEDERAL DE SAO PAULO/SP;Compras;Empenho;False;PJ;23764812000109;A. C. MARTINS PROMOCAO DE VENDAS;1650.0;1650.0;2025-11-06T00:00:00;2025-11-26T21:35:51;2025-11-06T00:00:00;2025-12-31T00:00:00;0;False
60453032000174-2-000387/2025;2025NE001619;2025;60453032000174;UNIVERSIDADE FEDERAL DE SAO PAULO;MEC-UNIVERSIDADE FEDERAL DE SAO PAULO/SP;Compras;Empenho;False;PJ;31931501000115;ZARALAB COMERCIO DE PRODUTOS LABORATORIAIS LTDA;6089.94;6089.94;2025-10-21T00:00:00;2025-11-26T21:44:51;2025-10-21T00:00:00;2025-12-31T00:00:00;0;False
60453032000174-2-000388/2025;2025NE001534;2025;60453032000174;UNIVERSIDADE FEDERAL DE SAO PAULO;MEC-UNIVERSIDADE FEDERAL DE SAO PAULO/SP;Compras;Empenho;False;PJ;54198140000145;M.E.B. DISTRIBUIDORA LTDA;130.4;130.4;2025-10-14T00:00:00;2025-11-26T21:53:14;2025-10-14T00:00:00;2025-12-31T00:00:00;0;False
60453032000174-2-000389/2025;2025NE001843;2025;60453032000174;UNIVERSIDADE FEDERAL DE SAO PAULO;MEC-UNIVERSIDADE FEDERAL DE SAO PAULO/SP;Compras;Empenho;False;PJ;15822033000194;HDK INDUSTRIA E COMERCIO DE REFRIGERACAO POLOGEL LTDA;28016.0;28016.0;2025-11-10T00:00:00;2025-11-27T10:32:08;2025-11-10T00:00:00;2025-12-31T00:00:00;0;False
60453032000174-2-000390/2025;2025NE001872;2025;60453032000174;UNIVERSIDADE FEDERAL DE SAO PAULO;MEC-UNIVERSIDADE FEDERAL DE SAO PAULO/SP;Compras;Empenho;False;PJ;10776858000104;CINEFLEX INDUSTRIA DE PRODUTOS VISUAIS LTDA;5136.0;5136.0;2025-11-13T00:00:00;2025-11-27T10:32:10;2025-11-13T00:00:00;2025-12-31T00:00:00;0;False
60453032000174-2-000392/2025;2025NE001731;2025;60453032000174;UNIVERSIDADE FEDERAL DE SAO PAULO;MEC-UNIVERSIDADE FEDERAL DE SAO PAULO/SP;Compras;Empenho;False;PJ;13328409000183;SIXPEL DISTRIBUIDORA LTDA;15971.89;15971.89;2025-11-03T00:00:00;2025-11-27T15:22:09;2025-11-03T00:00:00;2025-12-31T00:00:00;0;False
60453032000174-2-000394/2025;2025NE001621;2025;60453032000174;UNIVERSIDADE FEDERAL DE SAO PAULO;MEC-UNIVERSIDADE FEDERAL DE SAO PAULO/SP;Compras;Empenho;False;PJ;71443667000107;ORBITAL PRODUTOS PARA LABORATORIOS LTDA;270.5;270.5;2025-10-21T00:00:00;2025-11-27T17:50:20;2025-10-21T00:00:00;2025-12-31T00:00:00;0;False
60453032000174-2-000395/2025;2025NE001661;2025;60453032000174;UNIVERSIDADE FEDERAL DE SAO PAULO;MEC-UNIVERSIDADE FEDERAL DE SAO PAULO/SP;Compras;Empenho;False;PJ;53994497000177;UNISCIENCE DO BRASIL INDUSTRIA E COMERCIO DE EQUIPAMENTOS PARA LABORATORIO LTDA.;2173.07;2173.07;2025-10-28T00:00:00;2025-11-27T17:58:29;2025-10-28T00:00:00;2025-12-31T00:00:00;0;False
60453032000174-2-000396/2025;2025NE001818;2025;60453032000174;UNIVERSIDADE FEDERAL DE SAO PAULO;MEC-UNIVERSIDADE FEDERAL DE SAO PAULO/SP;Compras;Empenho;False;PJ;37876086000120;ELCIO ROCHA COSTA NETO LTDA;1600.0;1600.0;2025-11-06T00:00:00;2025-11-27T18:44:42;2025-11-06T00:00:00;2025-12-31T00:00:00;0;False
60453032000174-2-000397/2025;2025NE001104;2025;60453032000174;UNIVERSIDADE FEDERAL DE SAO PAULO;MEC-UNIVERSIDADE FEDERAL DE SAO PAULO/SP;Compras;Empenho;False;PJ;26061667000198;UNIAO FORTE CONTRA INCENDIO LTDA;688.8;688.8;2025-09-01T00:00:00;2025-11-28T11:18:02;2025-09-01T00:00:00;2025-12-31T00:00:00;0;False
60453032000174-2-000398/2025;2025NE001873;2025;60453032000174;UNIVERSIDADE FEDERAL DE SAO PAULO;MEC-UNIVERSIDADE FEDERAL DE SAO PAULO/SP;Compras;Empenho;False;PJ;52823703000113;NANETSHOP COMERCIO AUDIOVISUAL LTDA;2620.0;2620.0;2025-11-13T00:00:00;2025-12-01T09:49:22;2025-11-13T00:00:00;2025-12-31T00:00:00;0;False
60453032000174-2-000399/2025;2025NE001870;2025;60453032000174;UNIVERSIDADE FEDERAL DE SAO PAULO;MEC-UNIVERSIDADE FEDERAL DE SAO PAULO/SP;Compras;Empenho;False;PJ;61657396000139;DDK LICITACOES E CONTRATOS LTDA;10098.0;10098.0;2025-11-13T00:00:00;2025-12-01T16:01:30;2025-11-13T00:00:00;2025-12-31T00:00:00;0;False
60453032000174-2-000402/2025;2025NE001483;2025;60453032000174;UNIVERSIDADE FEDERAL DE SAO PAULO;MEC-UNIVERSIDADE FEDERAL DE SAO PAULO/SP;Compras;Empenho;False;PJ;41345975000139;EXCELLENCE42 C&T LTDA;261.66;261.66;2025-10-07T00:00:00;2025-12-02T10:20:35;2025-10-07T00:00:00;2025-12-31T00:00:00;0;False
60453032000174-2-000404/2025;2025NE001893;2025;60453032000174;UNIVERSIDADE FEDERAL DE SAO PAULO;MEC-UNIVERSIDADE FEDERAL DE SAO PAULO/SP;Compras;Empenho;False;PJ;59555966000138;TRIARC INDUSTRIA E COMERCIO LTDA;500.0;500.0;2025-11-17T00:00:00;2025-12-02T15:20:08;2025-11-17T00:00:00;2025-12-31T00:00:00;0;False
60453032000174-2-000405/2025;2025NE001896;2025;60453032000174;UNIVERSIDADE FEDERAL DE SAO PAULO;MEC-UNIVERSIDADE FEDERAL DE SAO PAULO/SP;Compras;Empenho;False;PJ;54198140000145;M.E.B. DISTRIBUIDORA LTDA;972.0;972.0;2025-11-17T00:00:00;2025-12-02T15:20:10;2025-11-17T00:00:00;2025-12-31T00:00:00;0;False
60453032000174-2-000406/2025;2025NE001903;2025;60453032000174;UNIVERSIDADE FEDERAL DE SAO PAULO;MEC-UNIVERSIDADE FEDERAL DE SAO PAULO/SP;Compras;Empenho;False;PJ;13328409000183;SIXPEL DISTRIBUIDORA LTDA;9204.14;9204.14;2025-11-18T00:00:00;2025-12-02T20:09:35;2025-11-18T00:00:00;2025-12-31T00:00:00;0;False
60453032000174-2-000407/2025;2025NE001153;2025;60453032000174;UNIVERSIDADE FEDERAL DE SAO PAULO;MEC-UNIVERSIDADE FEDERAL DE SAO PAULO/SP;Serviços;Empenho;False;PJ;23034526000198;CTE - SERVICOS E TRANSPORTES LTDA;4786.14;4786.14;2025-09-05T00:00:00;2025-12-03T11:30:58;2025-09-05T00:00:00;2025-12-31T00:00:00;0;False
60453032000174-2-000408/2025;2025NE001889;2025;60453032000174;UNIVERSIDADE FEDERAL DE SAO PAULO;MEC-UNIVERSIDADE FEDERAL DE SAO PAULO/SP;Serviços;Empenho;False;PJ;30018410000120;ASSOCIACAO NAC DE POS GRAD E PESQ EM EDUCACAO ANPED;1150.0;1150.0;2025-11-17T00:00:00;2025-12-03T13:11:44;2025-11-17T00:00:00;2025-12-31T00:00:00;0;False
60453032000174-2-000409/2025;2025NE001954;2025;60453032000174;UNIVERSIDADE FEDERAL DE SAO PAULO;MEC-UNIVERSIDADE FEDERAL DE SAO PAULO/SP;Serviços;Empenho;False;PJ;50052885000140;CONSELHO REGIONAL DE MEDICINA VETERINARIA DO EST DE SP;382.2;382.2;2025-11-28T00:00:00;2025-12-03T14:52:09;2025-11-28T00:00:00;2025-12-31T00:00:00;0;False
60453032000174-2-000410/2025;2025NE001632;2025;60453032000174;UNIVERSIDADE FEDERAL DE SAO PAULO;MEC-UNIVERSIDADE FEDERAL DE SAO PAULO/SP;Serviços;Empenho;False;PJ;31856708000172;ANDRE A RODRIGUES ENGENHARIA;549.85;549.85;2025-10-22T00:00:00;2025-12-03T14:53:35;2025-10-22T00:00:00;2025-12-31T00:00:00;0;False
60453032000174-2-000411/2025;2025NE001400;2025;60453032000174;UNIVERSIDADE FEDERAL DE SAO PAULO;MEC-UNIVERSIDADE FEDERAL DE SAO PAULO/SP;Serviços;Empenho;False;PJ;05207574000159;ACUSTICA TECHNOAUDIO COMERCIO E SERVICOS LTDA.;1440.0;1440.0;2025-09-29T00:00:00;2025-12-03T17:09:38;2025-09-29T00:00:00;2025-12-31T00:00:00;0;False
60453032000174-2-000412/2025;2025NE001399;2025;60453032000174;UNIVERSIDADE FEDERAL DE SAO PAULO;MEC-UNIVERSIDADE FEDERAL DE SAO PAULO/SP;Serviços;Empenho;False;PJ;01247669000145;C.T.E.A. COMERCIO E SERVICOS LTDA;2520.0;2520.0;2025-09-29T00:00:00;2025-12-03T17:09:39;2025-09-29T00:00:00;2025-12-31T00:00:00;0;False
60453032000174-2-000414/2025;2025NE001532;2025;60453032000174;UNIVERSIDADE FEDERAL DE SAO PAULO;MEC-UNIVERSIDADE FEDERAL DE SAO PAULO/SP;Compras;Empenho;False;PJ;57620907000170;57.620.907 ALESSANDRO SOUSA PINTO;730.62;730.62;2025-10-14T00:00:00;2025-12-05T09:46:13;2025-10-14T00:00:00;2025-12-31T00:00:00;0;False
60453032000174-2-000415/2025;2025NE001640;2025;60453032000174;UNIVERSIDADE FEDERAL DE SAO PAULO;MEC-UNIVERSIDADE FEDERAL DE SAO PAULO/SP;Compras;Empenho;False;PJ;53994497000177;UNISCIENCE DO BRASIL INDUSTRIA E COMERCIO DE EQUIPAMENTOS PARA LABORATORIO LTDA.;962.63;962.63;2025-10-22T00:00:00;2025-12-05T09:46:14;2025-10-22T00:00:00;2025-12-31T00:00:00;0;False
60453032000174-2-000416/2025;2025NE001734;2025;60453032000174;UNIVERSIDADE FEDERAL DE SAO PAULO;MEC-UNIVERSIDADE FEDERAL DE SAO PAULO/SP;Compras;Empenho;False;PJ;20510061000106;ICELL LTDA;2432.8;2432.8;2025-11-03T00:00:00;2025-12-05T09:46:16;2025-11-03T00:00:00;2025-12-31T00:00:00;0;False
60453032000174-2-000417/2025;2025NE001820;2025;60453032000174;UNIVERSIDADE FEDERAL DE SAO PAULO;MEC-UNIVERSIDADE FEDERAL DE SAO PAULO/SP;Compras;Empenho;False;PJ;42810782000174;MAX QUALITY COMERCIO LTDA;2608.0;2608.0;2025-11-06T00:00:00;2025-12-05T09:46:17;2025-11-06T00:00:00;2025-12-31T00:00:00;0;False
60453032000174-2-000418/2025;2025NE001921;2025;60453032000174;UNIVERSIDADE FEDERAL DE SAO PAULO;MEC-UNIVERSIDADE FEDERAL DE SAO PAULO/SP;Compras;Empenho;False;PJ;46900546000108;GENESIS QUIMICA LTDA;1147.0;1147.0;2025-11-25T00:00:00;2025-12-05T09:46:19;2025-11-25T00:00:00;2025-12-31T00:00:00;0;False
60453032000174-2-000419/2025;2025NE001894;2025;60453032000174;UNIVERSIDADE FEDERAL DE SAO PAULO;MEC-UNIVERSIDADE FEDERAL DE SAO PAULO/SP;Compras;Empenho;False;PJ;17025753000154;MARIOS ASBESTAS LTDA;700.0;700.0;2025-11-17T00:00:00;2025-12-05T12:19:41;2025-11-17T00:00:00;2025-12-31T00:00:00;0;False
60453032000174-2-000420/2025;2025NE001768;2025;60453032000174;UNIVERSIDADE FEDERAL DE SAO PAULO;MEC-UNIVERSIDADE FEDERAL DE SAO PAULO/SP;Compras;Empenho;False;PJ;15236054000128;15.236.054 CLEIDSON SOUSA AGUIAR;2040.0;2040.0;2025-11-04T00:00:00;2025-12-05T15:14:09;2025-11-04T00:00:00;2025-12-31T00:00:00;0;False
60453032000174-2-000421/2025;2025NE001842;2025;60453032000174;UNIVERSIDADE FEDERAL DE SAO PAULO;MEC-UNIVERSIDADE FEDERAL DE SAO PAULO/SP;Compras;Empenho;False;PJ;09111269000110;GUILHERME AUGUSTO DE GODOY;71760.0;71760.0;2025-11-10T00:00:00;2025-12-05T15:49:52;2025-11-10T00:00:00;2025-12-31T00:00:00;0;False
60453032000174-2-000423/2025;2025NE001828;2025;60453032000174;UNIVERSIDADE FEDERAL DE SAO PAULO;MEC-UNIVERSIDADE FEDERAL DE SAO PAULO/SP;Compras;Empenho;False;PJ;36658639000106;MOLVIMED COMERCIO, IMPORTACAO E EXPORTACAO DE INSTRUMENTOS E PRODUTOS CIRURGICOS;12221.76;12221.76;2025-11-06T00:00:00;2025-12-05T19:08:05;2025-11-06T00:00:00;2025-12-31T00:00:00;0;False
60453032000174-2-000424/2025;2025NE001533;2025;60453032000174;UNIVERSIDADE FEDERAL DE SAO PAULO;MEC-UNIVERSIDADE FEDERAL DE SAO PAULO/SP;Compras;Empenho;False;PJ;12967916000102;CIRURGICA IZAMED LTDA;1352.0;1352.0;2025-10-14T00:00:00;2025-12-05T19:30:23;2025-10-14T00:00:00;2025-12-31T00:00:00;0;False
60453032000174-2-000425/2025;2025NE001645;2025;60453032000174;UNIVERSIDADE FEDERAL DE SAO PAULO;MEC-UNIVERSIDADE FEDERAL DE SAO PAULO/SP;Compras;Empenho;False;PJ;35279491000136;VENDOR COMERCIO DE PRODUTOS LTDA;1531.48;1531.48;2025-10-23T00:00:00;2025-12-05T20:04:43;2025-10-23T00:00:00;2025-12-31T00:00:00;0;False
60453032000174-2-000426/2025;2025NE001644;2025;60453032000174;UNIVERSIDADE FEDERAL DE SAO PAULO;MEC-UNIVERSIDADE FEDERAL DE SAO PAULO/SP;Compras;Empenho;False;PJ;44181200000163;F&B VARIEDADES LTDA;140.4;140.4;2025-10-23T00:00:00;2025-12-05T20:04:44;2025-10-23T00:00:00;2025-12-31T00:00:00;0;False
60453032000174-2-000427/2025;2025NE001635;2025;60453032000174;UNIVERSIDADE FEDERAL DE SAO PAULO;MEC-UNIVERSIDADE FEDERAL DE SAO PAULO/SP;Compras;Empenho;False;PJ;51910821000104;PREMIUM GRAFICA E EDITORA LTDA;393.0;393.0;2025-10-22T00:00:00;2025-12-05T20:08:50;2025-10-22T00:00:00;2025-12-31T00:00:00;0;False
60453032000174-2-000428/2025;2025NE001636;2025;60453032000174;UNIVERSIDADE FEDERAL DE SAO PAULO;MEC-UNIVERSIDADE FEDERAL DE SAO PAULO/SP;Compras;Empenho;False;PJ;51910821000104;PREMIUM GRAFICA E EDITORA LTDA;100.0;100.0;2025-10-22T00:00:00;2025-12-05T20:08:51;2025-10-22T00:00:00;2025-12-31T00:00:00;0;False
60453032000174-2-000429/2025;2025NE001824;2025;60453032000174;UNIVERSIDADE FEDERAL DE SAO PAULO;MEC-UNIVERSIDADE FEDERAL DE SAO PAULO/SP;Compras;Empenho;False;PJ;08018118000159;SERGIO EDUARDO DE FIGUEIREDO BARBOSA;3700.0;3700.0;2025-11-06T00:00:00;2025-12-05T20:18:19;2025-11-06T00:00:00;2025-12-31T00:00:00;0;False
60453032000174-2-000430/2025;2025NE001646;2025;60453032000174;UNIVERSIDADE FEDERAL DE SAO PAULO;MEC-UNIVERSIDADE FEDERAL DE SAO PAULO/SP;Compras;Empenho;False;PJ;04338231000160;J & K COMERCIAL LTDA;395.29;395.29;2025-10-23T00:00:00;2025-12-05T20:27:59;2025-10-23T00:00:00;2025-12-31T00:00:00;0;False
60453032000174-2-000431/2025;2025NE001724;2025;60453032000174;UNIVERSIDADE FEDERAL DE SAO PAULO;MEC-UNIVERSIDADE FEDERAL DE SAO PAULO/SP;Compras;Empenho;False;PJ;22525517000137;JF COMERCIO DE MATERIAL E MEDICAMENTOS HOSPITALES LTDA;367.35;367.35;2025-11-03T00:00:00;2025-12-05T20:40:03;2025-11-03T00:00:00;2025-12-31T00:00:00;0;False
60453032000174-2-000432/2025;2025NE001375;2025;60453032000174;UNIVERSIDADE FEDERAL DE SAO PAULO;MEC-UNIVERSIDADE FEDERAL DE SAO PAULO/SP;Compras;Empenho;False;PJ;68337658000127;SIGMA-ALDRICH BRASIL LTDA;3990.0;3990.0;2025-09-25T00:00:00;2025-12-05T20:43:49;2025-09-25T00:00:00;2025-12-31T00:00:00;0;False
60453032000174-2-000433/2025;2025NE001722;2025;60453032000174;UNIVERSIDADE FEDERAL DE SAO PAULO;MEC-UNIVERSIDADE FEDERAL DE SAO PAULO/SP;Compras;Empenho;False;PJ;21407123000111;CELLCO BIOTEC DO BRASIL LTDA.;3260.0;3260.0;2025-11-03T00:00:00;2025-12-05T20:44:36;2025-11-03T00:00:00;2025-12-31T00:00:00;0;False
60453032000174-2-000434/2025;2025NE001650;2025;60453032000174;UNIVERSIDADE FEDERAL DE SAO PAULO;MEC-UNIVERSIDADE FEDERAL DE SAO PAULO/SP;Compras;Empenho;False;PJ;55696882000163;PHSOLUCIONA LTDA;1228.77;1228.77;2025-10-23T00:00:00;2025-12-05T20:47:01;2025-10-23T00:00:00;2025-12-31T00:00:00;0;False
60453032000174-2-000435/2025;2025NE001720;2025;60453032000174;UNIVERSIDADE FEDERAL DE SAO PAULO;MEC-UNIVERSIDADE FEDERAL DE SAO PAULO/SP;Compras;Empenho;False;PJ;71443667000107;ORBITAL PRODUTOS PARA LABORATORIOS LTDA;869.62;869.62;2025-11-03T00:00:00;2025-12-05T20:48:36;2025-11-03T00:00:00;2025-12-31T00:00:00;0;False
60453032000174-2-000439/2025;2025NE001538;2025;60453032000174;UNIVERSIDADE FEDERAL DE SAO PAULO;MEC-UNIVERSIDADE FEDERAL DE SAO PAULO/SP;Serviços;Empenho;False;PJ;11224184000190;PHASE TECH COMERCIO E SERVICOS LTDA;24000.0;24000.0;2025-10-15T00:00:00;2025-12-08T13:07:06;2025-10-15T00:00:00;2025-12-31T00:00:00;0;False
60453032000174-2-000440/2025;2025NE001912;2025;60453032000174;UNIVERSIDADE FEDERAL DE SAO PAULO;MEC-UNIVERSIDADE FEDERAL DE SAO PAULO/SP;Serviços;Empenho;False;PJ;81329823000167;SKA AUTOMACAO DE ENGENHARIAS LTDA;50000.0;50000.0;2025-11-24T00:00:00;2025-12-08T13:41:36;2025-11-24T00:00:00;2025-12-31T00:00:00;0;False
60453032000174-2-000441/2025;2025NE001831;2025;60453032000174;UNIVERSIDADE FEDERAL DE SAO PAULO;MEC-UNIVERSIDADE FEDERAL DE SAO PAULO/SP;Serviços;Empenho;False;PJ;08018281000111;DATATERRA ENGENHARIA PROJETOS E CONSULTORIA LTDA;3920.0;3920.0;2025-11-06T00:00:00;2025-12-08T15:42:41;2025-11-06T00:00:00;2025-12-31T00:00:00;0;False
60453032000174-2-000445/2025;2025NE001885;2025;60453032000174;UNIVERSIDADE FEDERAL DE SAO PAULO;MEC-UNIVERSIDADE FEDERAL DE SAO PAULO/SP;Compras;Empenho;False;PJ;37876086000120;ELCIO ROCHA COSTA NETO LTDA;320.0;320.0;2025-11-17T00:00:00;2025-12-09T15:24:05;2025-11-17T00:00:00;2025-12-31T00:00:00;0;False
60453032000174-2-000446/2025;2025NE001608;2025;60453032000174;UNIVERSIDADE FEDERAL DE SAO PAULO;MEC-UNIVERSIDADE FEDERAL DE SAO PAULO/SP;Serviços;Empenho;False;PJ;09314762000137;FISYKA BIOTECNOLOGIA, COMERCIO E MANUTENCAO DE EQUIPAMENTOS LTDA;17360.0;17360.0;2025-10-20T00:00:00;2025-12-09T20:17:51;2025-10-20T00:00:00;2025-12-31T00:00:00;0;False
60453032000174-2-000447/2025;2025NE000606;2025;60453032000174;UNIVERSIDADE FEDERAL DE SAO PAULO;MEC-UNIVERSIDADE FEDERAL DE SAO PAULO/SP;Compras;Empenho;False;PJ;21831246000185;TECH-SUL MEDICAL INDUSTRIA E COMERCIO LTDA;316.8;316.8;2025-07-04T00:00:00;2025-12-09T20:56:27;2025-07-04T00:00:00;2025-12-31T00:00:00;0;False
60453032000174-2-000449/2025;2025NE001848;2025;60453032000174;UNIVERSIDADE FEDERAL DE SAO PAULO;MEC-UNIVERSIDADE FEDERAL DE SAO PAULO/SP;Compras;Empenho;False;PJ;65903114000197;DIDATICA BOARD INDUSTRIA DE QUADROS LTDA;11670.0;11670.0;2025-11-10T00:00:00;2025-12-11T11:20:57;2025-11-10T00:00:00;2025-12-31T00:00:00;0;False
60453032000174-2-000452/2025;2025NE001770;2025;60453032000174;UNIVERSIDADE FEDERAL DE SAO PAULO;MEC-UNIVERSIDADE FEDERAL DE SAO PAULO/SP;Compras;Empenho;False;PJ;39988022000147;FGS COMERCIAL LTDA;457.5;457.5;2025-11-04T00:00:00;2025-12-12T14:17:24;2025-11-04T00:00:00;2025-12-31T00:00:00;0;False
60453032000174-2-000453/2025;2025NE001758;2025;60453032000174;UNIVERSIDADE FEDERAL DE SAO PAULO;MEC-UNIVERSIDADE FEDERAL DE SAO PAULO/SP;Compras;Empenho;False;PJ;54611985000110;MOB COMERCIO UTILIDADES LTDA;3912.0;3912.0;2025-11-04T00:00:00;2025-12-12T14:49:06;2025-11-04T00:00:00;2025-12-31T00:00:00;0;False
60453032000174-2-000454/2025;2025NE001759;2025;60453032000174;UNIVERSIDADE FEDERAL DE SAO PAULO;MEC-UNIVERSIDADE FEDERAL DE SAO PAULO/SP;Compras;Empenho;False;PJ;51530374000150;KPS EXTINTORES E SOLUCOES CONTRA INCENDIO LTDA;4360.0;4360.0;2025-11-04T00:00:00;2025-12-12T15:10:44;2025-11-04T00:00:00;2025-12-31T00:00:00;0;False
60453032000174-2-000455/2025;2025NE001763;2025;60453032000174;UNIVERSIDADE FEDERAL DE SAO PAULO;MEC-UNIVERSIDADE FEDERAL DE SAO PAULO/SP;Compras;Empenho;False;PJ;40223106000179;DARLU INDUSTRIA TEXTIL LTDA;1194.0;1194.0;2025-11-04T00:00:00;2025-12-12T15:24:20;2025-11-04T00:00:00;2025-12-31T00:00:00;0;False
60453032000174-2-000456/2025;2025NE001735;2025;60453032000174;UNIVERSIDADE FEDERAL DE SAO PAULO;MEC-UNIVERSIDADE FEDERAL DE SAO PAULO/SP;Compras;Empenho;False;PJ;06153182000117;LILIANE ALARCAO DIAS CORREA RAMANZINI;2700.0;2700.0;2025-11-03T00:00:00;2025-12-12T16:05:09;2025-11-03T00:00:00;2025-12-31T00:00:00;0;False
60453032000174-2-000457/2025;2025NE001869;2025;60453032000174;UNIVERSIDADE FEDERAL DE SAO PAULO;MEC-UNIVERSIDADE FEDERAL DE SAO PAULO/SP;Compras;Empenho;False;PJ;57991888000199;MANEZA COMERCIO DE MOVEIS LTDA;7004.6;7004.6;2025-11-13T00:00:00;2025-12-12T16:50:27;2025-11-13T00:00:00;2025-12-31T00:00:00;0;False
60453032000174-2-000461/2025;2025NE001877;2025;60453032000174;UNIVERSIDADE FEDERAL DE SAO PAULO;MEC-UNIVERSIDADE FEDERAL DE SAO PAULO/SP;Serviços;Empenho;False;PJ;04198254000117;MCR SISTEMAS E CONSULTORIA LTDA;20143.53;20143.53;2025-11-14T00:00:00;2025-12-15T17:15:44;2025-11-14T00:00:00;2025-12-31T00:00:00;0;False
60453032000174-2-000462/2025;2025NE001716;2025;60453032000174;UNIVERSIDADE FEDERAL DE SAO PAULO;MEC-UNIVERSIDADE FEDERAL DE SAO PAULO/SP;Compras;Empenho;False;PJ;27789446000101;AGUIA DISTRIBUIDORA DE MEDICAMENTOS E SUPRIMENTOS LTDA;901.5;901.5;2025-11-03T00:00:00;2025-12-16T15:41:52;2025-11-03T00:00:00;2025-12-31T00:00:00;0;False
60453032000174-2-000465/2025;2025NE001829;2025;60453032000174;UNIVERSIDADE FEDERAL DE SAO PAULO;MEC-UNIVERSIDADE FEDERAL DE SAO PAULO/SP;Compras;Empenho;False;PJ;38405762000140;STAN COMERCIO DE PRODUTOS MEDICOS LTDA;31927.84;31927.84;2025-11-06T00:00:00;2025-12-17T09:56:39;2025-11-06T00:00:00;2025-12-31T00:00:00;0;False
60453032000174-2-000467/2025;2025NE001618;2025;60453032000174;UNIVERSIDADE FEDERAL DE SAO PAULO;MEC-UNIVERSIDADE FEDERAL DE SAO PAULO/SP;Compras;Empenho;False;PJ;53319657000182;DELTA TECH COMERCIO E ASSESSORIA LTDA;6736.26;6736.26;2025-10-21T00:00:00;2025-12-18T12:40:54;2025-10-21T00:00:00;2025-12-31T00:00:00;0;False
60453032000174-2-000469/2025;2025NE001819;2025;60453032000174;UNIVERSIDADE FEDERAL DE SAO PAULO;MEC-UNIVERSIDADE FEDERAL DE SAO PAULO/SP;Compras;Empenho;False;PJ;33622151000130;33.622.151 ISABEL ALVES DE SOUZA;705.0;705.0;2025-11-06T00:00:00;2025-12-19T17:09:45;2025-11-06T00:00:00;2025-12-31T00:00:00;0;False
60453032000174-2-000471/2025;2025NE001834;2025;60453032000174;UNIVERSIDADE FEDERAL DE SAO PAULO;MEC-UNIVERSIDADE FEDERAL DE SAO PAULO/SP;Compras;Empenho;False;PJ;03517260000127;DIPLOGRAPH ARTES GRAFICAS EM DIPLOMAS LTDA;12870.0;12870.0;2025-11-07T00:00:00;2025-12-22T09:52:56;2025-11-07T00:00:00;2025-12-31T00:00:00;0;False
60453032000174-2-000473/2025;2025NE001860;2025;60453032000174;UNIVERSIDADE FEDERAL DE SAO PAULO;MEC-UNIVERSIDADE FEDERAL DE SAO PAULO/SP;Compras;Empenho;False;PJ;40432926000170;S. T. CAFES COMERCIO E DISTRIBUICAO LTDA;4140.0;4140.0;2025-11-13T00:00:00;2025-12-22T11:23:42;2025-11-13T00:00:00;2025-12-31T00:00:00;0;False
60453032000174-2-000474/2025;2025NE001858;2025;60453032000174;UNIVERSIDADE FEDERAL DE SAO PAULO;MEC-UNIVERSIDADE FEDERAL DE SAO PAULO/SP;Compras;Empenho;False;PJ;43843358000350;AIR PRODUCTS BRASIL LTDA.;1563.0;1563.0;2025-11-13T00:00:00;2025-12-22T11:28:29;2025-11-13T00:00:00;2025-12-31T00:00:00;0;False
60453032000174-2-000476/2025;2025NE002018;2025;60453032000174;UNIVERSIDADE FEDERAL DE SAO PAULO;MEC-UNIVERSIDADE FEDERAL DE SAO PAULO/SP;Serviços;Empenho;False;PJ;43776517000180;COMPANHIA DE SANEAMENTO BASICO DO ESTADO DE SAO PAULO - SABESP;21765.31;21765.31;2025-12-02T00:00:00;2025-12-22T17:48:53;2025-12-02T00:00:00;2025-12-31T00:00:00;0;False
60453032000174-2-000484/2025;2025NE001806;2025;60453032000174;UNIVERSIDADE FEDERAL DE SAO PAULO;MEC-UNIVERSIDADE FEDERAL DE SAO PAULO/SP;Serviços;Empenho;False;PJ;63067904000235;LIFE TECHNOLOGIES BRASIL COMERCIO E INDUSTRIA DE PRODUTOS PARA BIOTECNOLOGIA LTD;12131.59;12131.59;2025-11-05T00:00:00;2025-12-29T15:24:09;2025-11-05T00:00:00;2025-12-31T00:00:00;0;False
60453032000174-2-000485/2025;2025NE001835;2025;60453032000174;UNIVERSIDADE FEDERAL DE SAO PAULO;MEC-UNIVERSIDADE FEDERAL DE SAO PAULO/SP;Compras;Empenho;False;PJ;63067904000235;LIFE TECHNOLOGIES BRASIL COMERCIO E INDUSTRIA DE PRODUTOS PARA BIOTECNOLOGIA LTD;14585.74;14585.74;2025-11-07T00:00:00;2025-12-29T15:26:40;2025-11-07T00:00:00;2025-12-31T00:00:00;0;False
60453032000174-2-000487/2025;00201;2025;60453032000174;UNIVERSIDADE FEDERAL DE SAO PAULO;MEC-UNIVERSIDADE FEDERAL DE SAO PAULO/SP;Cessão;Contrato (termo inicial);True;PJ;27974036000122;RCL SERVICOS DE ALIMENTACAO LTDA;99.01;99.01;2025-12-29T00:00:00;2025-12-29T18:32:04;2026-01-05T00:00:00;2028-07-04T00:00:00;0;False
